ward_id,ward_name,ward_number,ward_type,centroid_lon,centroid_lat,district,historical_annual_avg_mm,current_jan2026_mm,climate_normal_jan_mm,climate_normal_feb_mm,climate_normal_mar_mm,climate_normal_apr_mm,climate_normal_may_mm,climate_normal_jun_mm,climate_normal_jul_mm,climate_normal_aug_mm,climate_normal_sep_mm,climate_normal_oct_mm,climate_normal_nov_mm,climate_normal_dec_mm,rainfall_zone,is_urban_core,proximity_to_yamuna_km
DEL_CANTT_001,DELHI CANTT CHARGE 1,1,CANTT,77.1305495455,28.6220034015,SOUTH WEST DELHI,679.5,14.0,19.0,20.0,15.0,21.0,25.0,70.0,237.0,235.0,113.0,17.0,9.0,9.0,West,0,12.5
DEL_CANTT_002,DELHI CANTT CHARGE 2,2,CANTT,77.13936651,28.6102292395,SOUTH WEST DELHI,679.5,14.0,19.0,20.0,15.0,21.0,25.0,70.0,237.0,235.0,113.0,17.0,9.0,9.0,West,0,13.0
DEL_CANTT_003,DELHI CANTT CHARGE 3,3,CANTT,77.1478466065,28.5937737345,SOUTH WEST DELHI,679.5,14.0,19.0,20.0,15.0,21.0,25.0,70.0,237.0,235.0,113.0,17.0,9.0,9.0,West,0,14.2
DEL_CANTT_004,DELHI CANTT CHARGE 4,4,CANTT,77.1433460465,28.5659240585,SOUTH WEST DELHI,679.5,14.0,19.0,20.0,15.0,21.0,25.0,70.0,237.0,235.0,113.0,17.0,9.0,9.0,West,0,15.8
DEL_CANTT_005,DELHI CANTT CHARGE 5,5,CANTT,77.133841871,28.574743257,SOUTH WEST DELHI,679.5,14.0,19.0,20.0,15.0,21.0,25.0,70.0,237.0,235.0,113.0,17.0,9.0,9.0,West,0,14.5
DEL_CANTT_006,DELHI CANTT CHARGE 6,6,CANTT,77.106268083,28.5731835735,SOUTH WEST DELHI,679.5,14.0,19.0,20.0,15.0,21.0,25.0,70.0,237.0,235.0,113.0,17.0,9.0,9.0,West,0,16.3
DEL_CANTT_007,DELHI CANTT CHARGE 7,7,CANTT,77.110054482,28.5948579,SOUTH WEST DELHI,679.5,14.0,19.0,20.0,15.0,21.0,25.0,70.0,237.0,235.0,113.0,17.0,9.0,9.0,West,0,14.0
DEL_CANTT_008,DELHI CANTT CHARGE 8,8,CANTT,77.1236010765,28.6003754045,SOUTH WEST DELHI,679.5,14.0,19.0,20.0,15.0,21.0,25.0,70.0,237.0,235.0,113.0,17.0,9.0,9.0,West,0,13.2
DEL_NDMC_001,NDMC CHARGE 1,1,NDMC,77.228641083,28.616813283,NEW DELHI,705.3,19.2,19.0,20.0,15.0,21.0,25.0,70.0,237.0,235.0,113.0,17.0,9.0,9.0,Central,1,5.8
DEL_NDMC_002,NDMC CHARGE 2,2,NDMC,77.212722936,28.637418175,NEW DELHI,705.3,19.2,19.0,20.0,15.0,21.0,25.0,70.0,237.0,235.0,113.0,17.0,9.0,9.0,Central,1,4.2
DEL_NDMC_003,NDMC CHARGE 3,3,NDMC,77.1861956855,28.6197967725,NEW DELHI,705.3,19.2,19.0,20.0,15.0,21.0,25.0,70.0,237.0,235.0,113.0,17.0,9.0,9.0,Central,1,6.5
DEL_NDMC_004,NDMC CHARGE 4,4,NDMC,77.215278643,28.6211753575,NEW DELHI,705.3,19.2,19.0,20.0,15.0,21.0,25.0,70.0,237.0,235.0,113.0,17.0,9.0,9.0,Central,1,5.0
DEL_NDMC_005,NDMC CHARGE 5,5,NDMC,77.221068285,28.6016844185,NEW DELHI,705.3,19.2,19.0,20.0,15.0,21.0,25.0,70.0,237.0,235.0,113.0,17.0,9.0,9.0,Central,1,6.2
DEL_NDMC_006,NDMC CHARGE 6,6,NDMC,77.218279016,28.5848963065,NEW DELHI,705.3,19.2,19.0,20.0,15.0,21.0,25.0,70.0,237.0,235.0,113.0,17.0,9.0,9.0,Central,1,7.5
DEL_NDMC_007,NDMC CHARGE 7,7,NDMC,77.2040991095,28.570621317,NEW DELHI,705.3,19.2,19.0,20.0,15.0,21.0,25.0,70.0,237.0,235.0,113.0,17.0,9.0,9.0,Central,1,9.0
DEL_NDMC_008,NDMC CHARGE 8,8,NDMC,77.1966116515,28.577248492,NEW DELHI,705.3,19.2,19.0,20.0,15.0,21.0,25.0,70.0,237.0,235.0,113.0,17.0,9.0,9.0,Central,1,8.2
DEL_NDMC_009,NDMC CHARGE 9,9,NDMC,77.189658691,28.5892841325,NEW DELHI,705.3,19.2,19.0,20.0,15.0,21.0,25.0,70.0,237.0,235.0,113.0,17.0,9.0,9.0,Central,1,7.0
DEL_080,CHANDNI CHOWK,80,MCD,77.233411137,28.6576946895,CENTRAL DELHI,724.8,24.5,19.0,20.0,15.0,21.0,25.0,70.0,237.0,235.0,113.0,17.0,9.0,9.0,Central,1,2.1
DEL_081,MINTO ROAD,81,MCD,77.230985686,28.63609362,CENTRAL DELHI,724.8,24.5,19.0,20.0,15.0,21.0,25.0,70.0,237.0,235.0,113.0,17.0,9.0,9.0,Central,1,3.5
DEL_082,KUCHA PANDIT,82,MCD,77.2261437665,28.6477582775,CENTRAL DELHI,724.8,24.5,19.0,20.0,15.0,21.0,25.0,70.0,237.0,235.0,113.0,17.0,9.0,9.0,Central,1,2.8
DEL_083,BAZAR SITARAM,83,MCD,77.2303613565,28.6464220045,CENTRAL DELHI,724.8,24.5,19.0,20.0,15.0,21.0,25.0,70.0,237.0,235.0,113.0,17.0,9.0,9.0,Central,1,2.5
DEL_084,TURKMAN GATE,84,MCD,77.235679383,28.643974174,CENTRAL DELHI,724.8,24.5,19.0,20.0,15.0,21.0,25.0,70.0,237.0,235.0,113.0,17.0,9.0,9.0,Central,1,3.0
DEL_085,IDGAH ROAD,85,MCD,77.2158670395,28.6521215585,CENTRAL DELHI,724.8,24.5,19.0,20.0,15.0,21.0,25.0,70.0,237.0,235.0,113.0,17.0,9.0,9.0,Central,1,2.8
DEL_086,BALLIMARAN,86,MCD,77.2256002855,28.6532450185,CENTRAL DELHI,724.8,24.5,19.0,20.0,15.0,21.0,25.0,70.0,237.0,235.0,113.0,17.0,9.0,9.0,Central,1,2.3
DEL_087,RAM NAGAR,87,MCD,77.2151034715,28.6491102415,CENTRAL DELHI,724.8,24.5,19.0,20.0,15.0,21.0,25.0,70.0,237.0,235.0,113.0,17.0,9.0,9.0,Central,1,3.0
DEL_088,QASABPURA,88,MCD,77.2088646715,28.653887317,CENTRAL DELHI,724.8,24.5,19.0,20.0,15.0,21.0,25.0,70.0,237.0,235.0,113.0,17.0,9.0,9.0,Central,1,3.2
DEL_089,PAHAR GANJ,89,MCD,77.210912831,28.6426968315,CENTRAL DELHI,724.8,24.5,19.0,20.0,15.0,21.0,25.0,70.0,237.0,235.0,113.0,17.0,9.0,9.0,Central,1,4.0
DEL_090,MODEL BASTI,90,MCD,77.2034747805,28.6525232995,CENTRAL DELHI,724.8,24.5,19.0,20.0,15.0,21.0,25.0,70.0,237.0,235.0,113.0,17.0,9.0,9.0,Central,1,4.5
DEL_091,KAROL BAGH,91,MCD,77.191590069,28.6550341145,CENTRAL DELHI,724.8,24.5,19.0,20.0,15.0,21.0,25.0,70.0,237.0,235.0,113.0,17.0,9.0,9.0,Central,1,5.8
DEL_092,DEV NAGAR,92,MCD,77.18033867,28.6536273155,CENTRAL DELHI,724.8,24.5,19.0,20.0,15.0,21.0,25.0,70.0,237.0,235.0,113.0,17.0,9.0,9.0,Central,1,6.2
DEL_093,BALJIT NAGAR,93,MCD,77.15934055,28.656071064,WEST DELHI,692.4,17.0,19.0,20.0,15.0,21.0,25.0,70.0,237.0,235.0,113.0,17.0,9.0,9.0,West,1,8.5
DEL_094,WEST PATEL NAGAR,94,MCD,77.1611641305,28.6586997315,WEST DELHI,692.4,17.0,19.0,20.0,15.0,21.0,25.0,70.0,237.0,235.0,113.0,17.0,9.0,9.0,West,1,8.0
DEL_095,EAST PATEL NAGAR,95,MCD,77.1740280055,28.6534218445,WEST DELHI,692.4,17.0,19.0,20.0,15.0,21.0,25.0,70.0,237.0,235.0,113.0,17.0,9.0,9.0,West,1,6.5
DEL_096,NEW RANJIT NAGAR,96,MCD,77.1607284475,28.6482509375,WEST DELHI,692.4,17.0,19.0,20.0,15.0,21.0,25.0,70.0,237.0,235.0,113.0,17.0,9.0,9.0,West,1,8.2
DEL_097,KIRTI NAGAR,97,MCD,77.143022653,28.655286106,WEST DELHI,692.4,17.0,19.0,20.0,15.0,21.0,25.0,70.0,237.0,235.0,113.0,17.0,9.0,9.0,West,1,7.0
DEL_098,MANSAROWER GARDEN,98,MCD,77.133626275,28.6418963115,WEST DELHI,692.4,17.0,19.0,20.0,15.0,21.0,25.0,70.0,237.0,235.0,113.0,17.0,9.0,9.0,West,1,8.8
DEL_099,MOTI NAGAR,99,MCD,77.147092021,28.6703459335,WEST DELHI,692.4,17.0,19.0,20.0,15.0,21.0,25.0,70.0,237.0,235.0,113.0,17.0,9.0,9.0,West,1,6.2
DEL_100,KARAM PURA,100,MCD,77.1558146625,28.6657348585,WEST DELHI,692.4,17.0,19.0,20.0,15.0,21.0,25.0,70.0,237.0,235.0,113.0,17.0,9.0,9.0,West,1,7.5
DEL_101,RAJA GARDEN,101,MCD,77.1248227855,28.653847884,WEST DELHI,692.4,17.0,19.0,20.0,15.0,21.0,25.0,70.0,237.0,235.0,113.0,17.0,9.0,9.0,West,1,9.0
DEL_102,RAGHUBIR NAGAR,102,MCD,77.1148964015,28.6572849755,WEST DELHI,692.4,17.0,19.0,20.0,15.0,21.0,25.0,70.0,237.0,235.0,113.0,17.0,9.0,9.0,West,1,9.5
DEL_103,PUNJABI BAGH,103,MCD,77.1275985795,28.6676815485,WEST DELHI,692.4,17.0,19.0,20.0,15.0,21.0,25.0,70.0,237.0,235.0,113.0,17.0,9.0,9.0,West,1,8.2
DEL_104,MADIPUR,104,MCD,77.115296152,28.6710078785,WEST DELHI,692.4,17.0,19.0,20.0,15.0,21.0,25.0,70.0,237.0,235.0,113.0,17.0,9.0,9.0,West,1,9.8
DEL_105,RAJOURI GARDEN,105,MCD,77.1181303365,28.644967247,WEST DELHI,692.4,17.0,19.0,20.0,15.0,21.0,25.0,70.0,237.0,235.0,113.0,17.0,9.0,9.0,West,1,9.2
DEL_106,TAGORE GARDEN,106,MCD,77.1039683965,28.646445557,WEST DELHI,692.4,17.0,19.0,20.0,15.0,21.0,25.0,70.0,237.0,235.0,113.0,17.0,9.0,9.0,West,1,10.5
DEL_107,VISHNU GARDEN,107,MCD,77.096027289,28.648530834,WEST DELHI,692.4,17.0,19.0,20.0,15.0,21.0,25.0,70.0,237.0,235.0,113.0,17.0,9.0,9.0,West,1,11.0
DEL_108,KHYALA,108,MCD,77.1037213595,28.652275096,WEST DELHI,692.4,17.0,19.0,20.0,15.0,21.0,25.0,70.0,237.0,235.0,113.0,17.0,9.0,9.0,West,1,10.8
DEL_109,JANAK PURI NORTH,109,MCD,77.0965348375,28.62872956,WEST DELHI,692.4,17.0,19.0,20.0,15.0,21.0,25.0,70.0,237.0,235.0,113.0,17.0,9.0,9.0,West,1,12.0
DEL_110,NANGAL RAYA,110,MCD,77.110256603,28.615178338,WEST DELHI,692.4,17.0,19.0,20.0,15.0,21.0,25.0,70.0,237.0,235.0,113.0,17.0,9.0,9.0,West,1,11.5
DEL_111,HARI NAGAR,111,MCD,77.1209735045,28.626872428,WEST DELHI,692.4,17.0,19.0,20.0,15.0,21.0,25.0,70.0,237.0,235.0,113.0,17.0,9.0,9.0,West,1,10.2
DEL_112,SUBHASH NAGAR,112,MCD,77.1166885405,28.636019093,WEST DELHI,692.4,17.0,19.0,20.0,15.0,21.0,25.0,70.0,237.0,235.0,113.0,17.0,9.0,9.0,West,1,9.8
DEL_113,MAHAVIR NAGAR,113,MCD,77.075788246,28.633519613,WEST DELHI,692.4,17.0,19.0,20.0,15.0,21.0,25.0,70.0,237.0,235.0,113.0,17.0,9.0,9.0,West,1,13.5
DEL_114,TILAK NAGAR,114,MCD,77.095335586,28.6384789875,WEST DELHI,692.4,17.0,19.0,20.0,15.0,21.0,25.0,70.0,237.0,235.0,113.0,17.0,9.0,9.0,West,1,12.2
DEL_115,MAJOR BHUPINDAR SINGH NAGAR,115,MCD,77.092200466,28.653780913,WEST DELHI,692.4,17.0,19.0,20.0,15.0,21.0,25.0,70.0,237.0,235.0,113.0,17.0,9.0,9.0,West,1,12.0
DEL_116,VIKASPURI EAST,116,MCD,77.0834374,28.6475332465,WEST DELHI,692.4,17.0,19.0,20.0,15.0,21.0,25.0,70.0,237.0,235.0,113.0,17.0,9.0,9.0,West,1,13.8
DEL_117,JANAK PURI WEST,117,MCD,77.078119374,28.622480533,WEST DELHI,692.4,17.0,19.0,20.0,15.0,21.0,25.0,70.0,237.0,235.0,113.0,17.0,9.0,9.0,West,1,14.0
DEL_118,JANAK PURI SOUTH,118,MCD,77.097060352,28.617051383,WEST DELHI,692.4,17.0,19.0,20.0,15.0,21.0,25.0,70.0,237.0,235.0,113.0,17.0,9.0,9.0,West,1,12.8
DEL_119,MILAP NAGAR,119,MCD,77.062569536,28.6193896105,WEST DELHI,692.4,17.0,19.0,20.0,15.0,21.0,25.0,70.0,237.0,235.0,113.0,17.0,9.0,9.0,West,1,16.5
DEL_120,SITA PURI,120,MCD,77.078582006,28.611342052,WEST DELHI,692.4,17.0,19.0,20.0,15.0,21.0,25.0,70.0,237.0,235.0,113.0,17.0,9.0,9.0,West,1,14.2
DEL_121,KUNWAR SINGH NAGAR,121,MCD,77.040165553,28.643665119,WEST DELHI,692.4,17.0,19.0,20.0,15.0,21.0,25.0,70.0,237.0,235.0,113.0,17.0,9.0,9.0,West,1,18.0
DEL_122,HASTSAL,122,MCD,77.025850899,28.6463965575,WEST DELHI,692.4,17.0,19.0,20.0,15.0,21.0,25.0,70.0,237.0,235.0,113.0,17.0,9.0,9.0,West,1,19.5
DEL_123,VIKAS PURI,123,MCD,77.0590750895,28.627834702,WEST DELHI,692.4,17.0,19.0,20.0,15.0,21.0,25.0,70.0,237.0,235.0,113.0,17.0,9.0,9.0,West,1,15.8
DEL_124,VIKAS NAGAR,124,MCD,77.068660114,28.640244761,WEST DELHI,692.4,17.0,19.0,20.0,15.0,21.0,25.0,70.0,237.0,235.0,113.0,17.0,9.0,9.0,West,1,15.2
DEL_125,MOHAN GARDEN,125,MCD,77.033158694,28.6273300525,WEST DELHI,692.4,17.0,19.0,20.0,15.0,21.0,25.0,70.0,237.0,235.0,113.0,17.0,9.0,9.0,West,1,18.8
DEL_126,NAWADA,126,MCD,77.040304792,28.6232378075,WEST DELHI,692.4,17.0,19.0,20.0,15.0,21.0,25.0,70.0,237.0,235.0,113.0,17.0,9.0,9.0,West,1,18.2
DEL_127,UTTAM NAGAR,127,MCD,77.043907036,28.617414386,WEST DELHI,692.4,17.0,19.0,20.0,15.0,21.0,25.0,70.0,237.0,235.0,113.0,17.0,9.0,9.0,West,1,17.5
DEL_128,BINDAPUR,128,MCD,77.067945953,28.61331348,WEST DELHI,692.4,17.0,19.0,20.0,15.0,21.0,25.0,70.0,237.0,235.0,113.0,17.0,9.0,9.0,West,1,15.0
DEL_129,DABRI,129,MCD,77.094594476,28.6076315335,WEST DELHI,692.4,17.0,19.0,20.0,15.0,21.0,25.0,70.0,237.0,235.0,113.0,17.0,9.0,9.0,West,1,13.2
DEL_130,MANGLAPURI,130,MCD,77.0837652855,28.5961200625,WEST DELHI,692.4,17.0,19.0,20.0,15.0,21.0,25.0,70.0,237.0,235.0,113.0,17.0,9.0,9.0,West,1,14.5
DEL_131,SAGARPUR,131,MCD,77.102513125,28.6012827915,SOUTH WEST DELHI,679.5,14.0,19.0,20.0,15.0,21.0,25.0,70.0,237.0,235.0,113.0,17.0,9.0,9.0,West,0,14.0
DEL_132,SAGARPUR WEST,132,MCD,77.098807575,28.60355026,SOUTH WEST DELHI,679.5,14.0,19.0,20.0,15.0,21.0,25.0,70.0,237.0,235.0,113.0,17.0,9.0,9.0,West,0,14.2
DEL_133,CHHAWLA,133,MCD,76.951847686,28.5448273475,SOUTH WEST DELHI,679.5,14.0,19.0,20.0,15.0,21.0,25.0,70.0,237.0,235.0,113.0,17.0,9.0,9.0,West,0,22.0
DEL_134,NANGLI SAKRAVATI,134,MCD,76.998196263,28.57997994,SOUTH WEST DELHI,679.5,14.0,19.0,20.0,15.0,21.0,25.0,70.0,237.0,235.0,113.0,17.0,9.0,9.0,West,0,18.5
DEL_135,KAKRAULA,135,MCD,77.0282673675,28.600326364,SOUTH WEST DELHI,679.5,14.0,19.0,20.0,15.0,21.0,25.0,70.0,237.0,235.0,113.0,17.0,9.0,9.0,West,0,16.8
DEL_136,MATIALA,136,MCD,77.05183916,28.587412344,SOUTH WEST DELHI,679.5,14.0,19.0,20.0,15.0,21.0,25.0,70.0,237.0,235.0,113.0,17.0,9.0,9.0,West,0,16.0
DEL_137,ROSHANPURA,137,MCD,76.995492334,28.6098140825,SOUTH WEST DELHI,679.5,14.0,19.0,20.0,15.0,21.0,25.0,70.0,237.0,235.0,113.0,17.0,9.0,9.0,West,0,18.2
DEL_138,NAJAFGARH,138,MCD,76.978379428,28.612986173,SOUTH WEST DELHI,679.5,14.0,19.0,20.0,15.0,21.0,25.0,70.0,237.0,235.0,113.0,17.0,9.0,9.0,West,0,19.0
DEL_139,DICHAON KALAN,139,MCD,76.9700924695,28.641301615,SOUTH WEST DELHI,679.5,14.0,19.0,20.0,15.0,21.0,25.0,70.0,237.0,235.0,113.0,17.0,9.0,9.0,West,0,20.5
DEL_140,KHERA,140,MCD,76.909370848,28.581362037,SOUTH WEST DELHI,679.5,14.0,19.0,20.0,15.0,21.0,25.0,70.0,237.0,235.0,113.0,17.0,9.0,9.0,West,0,24.0
DEL_141,BIJWASAN,141,MCD,77.044136107,28.548673169,SOUTH WEST DELHI,679.5,14.0,19.0,20.0,15.0,21.0,25.0,70.0,237.0,235.0,113.0,17.0,9.0,9.0,West,0,17.5
DEL_142,RAJ NAGAR,142,MCD,77.083006209,28.5732054765,SOUTH WEST DELHI,679.5,14.0,19.0,20.0,15.0,21.0,25.0,70.0,237.0,235.0,113.0,17.0,9.0,9.0,West,0,15.8
DEL_143,KAPASHERA,143,MCD,77.0914324065,28.542216852,SOUTH DELHI,710.2,15.7,19.0,20.0,15.0,21.0,25.0,70.0,237.0,235.0,113.0,17.0,9.0,9.0,South,0,16.2
DEL_144,MAHIPALPUR,144,MCD,77.129399702,28.5373701255,SOUTH DELHI,710.2,15.7,19.0,20.0,15.0,21.0,25.0,70.0,237.0,235.0,113.0,17.0,9.0,9.0,South,0,14.5
DEL_145,PALAM,145,MCD,77.0806256735,28.5848802875,SOUTH WEST DELHI,679.5,14.0,19.0,20.0,15.0,21.0,25.0,70.0,237.0,235.0,113.0,17.0,9.0,9.0,West,0,15.0
DEL_146,SADH NAGAR,146,MCD,77.0955691485,28.5947876295,SOUTH WEST DELHI,679.5,14.0,19.0,20.0,15.0,21.0,25.0,70.0,237.0,235.0,113.0,17.0,9.0,9.0,West,0,14.2
DEL_147,MAHAVIR ENCLAVE,147,MCD,77.069158679,28.596806453,SOUTH WEST DELHI,679.5,14.0,19.0,20.0,15.0,21.0,25.0,70.0,237.0,235.0,113.0,17.0,9.0,9.0,West,0,16.5
DEL_148,MADHU VIHAR,148,MCD,77.057556937,28.6087869,SOUTH WEST DELHI,679.5,14.0,19.0,20.0,15.0,21.0,25.0,70.0,237.0,235.0,113.0,17.0,9.0,9.0,West,0,17.2
DEL_149,RAJENDER NAGAR,149,MCD,77.180913592,28.637063024,CENTRAL DELHI,724.8,24.5,19.0,20.0,15.0,21.0,25.0,70.0,237.0,235.0,113.0,17.0,9.0,9.0,Central,1,5.5
DEL_150,PUSA,150,MCD,77.1606520905,28.629136663,NORTH WEST DELHI,645.8,11.0,19.0,20.0,15.0,21.0,25.0,70.0,237.0,235.0,113.0,17.0,9.0,9.0,North,1,8.2
DEL_151,INDER PURI,151,MCD,77.1484664435,28.631627144,NORTH WEST DELHI,645.8,11.0,19.0,20.0,15.0,21.0,25.0,70.0,237.0,235.0,113.0,17.0,9.0,9.0,North,1,7.5
DEL_152,NARAINA,152,MCD,77.138315481,28.62926924,NORTH WEST DELHI,645.8,11.0,19.0,20.0,15.0,21.0,25.0,70.0,237.0,235.0,113.0,17.0,9.0,9.0,North,1,8.0
DEL_153,DARYAGANJ,153,MCD,77.248327662,28.6321895745,EAST DELHI,715.1,19.0,19.0,20.0,15.0,21.0,25.0,70.0,237.0,235.0,113.0,17.0,9.0,9.0,East,1,1.8
DEL_154,NIZAMUDDIN,154,MCD,77.2527159325,28.6011695405,EAST DELHI,715.1,19.0,19.0,20.0,15.0,21.0,25.0,70.0,237.0,235.0,113.0,17.0,9.0,9.0,East,1,3.0
DEL_155,LAJPAT NAGAR,155,MCD,77.2456686495,28.573706156,SOUTH EAST DELHI,720.9,20.4,19.0,20.0,15.0,21.0,25.0,70.0,237.0,235.0,113.0,17.0,9.0,9.0,South,1,5.5
DEL_156,BHOGAL,156,MCD,77.2554513025,28.57875105,SOUTH EAST DELHI,720.9,20.4,19.0,20.0,15.0,21.0,25.0,70.0,237.0,235.0,113.0,17.0,9.0,9.0,South,1,4.8
DEL_157,KASTURBA NAGAR,157,MCD,77.2334785105,28.582580755,SOUTH EAST DELHI,720.9,20.4,19.0,20.0,15.0,21.0,25.0,70.0,237.0,235.0,113.0,17.0,9.0,9.0,South,1,6.2
DEL_158,KOTLA MUBARAKPUR,158,MCD,77.21857546,28.573958742,SOUTH DELHI,710.2,15.7,19.0,20.0,15.0,21.0,25.0,70.0,237.0,235.0,113.0,17.0,9.0,9.0,South,1,7.5
DEL_159,ANDREWSGANJ,159,MCD,77.227935905,28.5661516625,SOUTH DELHI,710.2,15.7,19.0,20.0,15.0,21.0,25.0,70.0,237.0,235.0,113.0,17.0,9.0,9.0,South,1,8.0
DEL_160,AMAR COLONY,160,MCD,77.2432162485,28.5644441565,SOUTH EAST DELHI,720.9,20.4,19.0,20.0,15.0,21.0,25.0,70.0,237.0,235.0,113.0,17.0,9.0,9.0,South,1,6.5
DEL_161,MALVIYA NAGAR,161,MCD,77.1950216335,28.538854207,SOUTH DELHI,710.2,15.7,19.0,20.0,15.0,21.0,25.0,70.0,237.0,235.0,113.0,17.0,9.0,9.0,South,1,10.2
DEL_162,HAUZ RANI,162,MCD,77.211644958,28.534451031,SOUTH DELHI,710.2,15.7,19.0,20.0,15.0,21.0,25.0,70.0,237.0,235.0,113.0,17.0,9.0,9.0,South,1,9.5
DEL_163,SAFDARJANG ENCLAVE,163,MCD,77.1956145215,28.5579344535,SOUTH DELHI,710.2,15.7,19.0,20.0,15.0,21.0,25.0,70.0,237.0,235.0,113.0,17.0,9.0,9.0,South,1,8.8
DEL_164,HAUZ KHAS,164,MCD,77.208765857,28.5550781885,SOUTH DELHI,710.2,15.7,19.0,20.0,15.0,21.0,25.0,70.0,237.0,235.0,113.0,17.0,9.0,9.0,South,1,9.2
DEL_165,VASANT VIHAR,165,MCD,77.1610653155,28.5602931275,SOUTH DELHI,710.2,15.7,19.0,20.0,15.0,21.0,25.0,70.0,237.0,235.0,113.0,17.0,9.0,9.0,South,1,11.5
DEL_166,MUNIRKA,166,MCD,77.1784746655,28.557153788,SOUTH DELHI,710.2,15.7,19.0,20.0,15.0,21.0,25.0,70.0,237.0,235.0,113.0,17.0,9.0,9.0,South,1,9.8
DEL_167,R. K. PURAM,167,MCD,77.1790226385,28.5681677105,SOUTH DELHI,710.2,15.7,19.0,20.0,15.0,21.0,25.0,70.0,237.0,235.0,113.0,17.0,9.0,9.0,South,1,9.0
DEL_168,NANAK PURA,168,MCD,77.1667830925,28.5780361815,SOUTH DELHI,710.2,15.7,19.0,20.0,15.0,21.0,25.0,70.0,237.0,235.0,113.0,17.0,9.0,9.0,South,1,10.2
DEL_169,LADOSARAI,169,MCD,77.1908130265,28.524588343,SOUTH DELHI,710.2,15.7,19.0,20.0,15.0,21.0,25.0,70.0,237.0,235.0,113.0,17.0,9.0,9.0,South,0,11.5
DEL_170,MEHRAULI,170,MCD,77.1873724785,28.5162741295,SOUTH DELHI,710.2,15.7,19.0,20.0,15.0,21.0,25.0,70.0,237.0,235.0,113.0,17.0,9.0,9.0,South,0,12.8
DEL_171,VASANTKUNJ,171,MCD,77.1638231435,28.539426004,SOUTH DELHI,710.2,15.7,19.0,20.0,15.0,21.0,25.0,70.0,237.0,235.0,113.0,17.0,9.0,9.0,South,0,12.0
DEL_172,KISHANGARH,172,MCD,77.1353330745,28.5135649375,SOUTH DELHI,710.2,15.7,19.0,20.0,15.0,21.0,25.0,70.0,237.0,235.0,113.0,17.0,9.0,9.0,South,0,13.5
DEL_173,DEOLI,173,MCD,77.2053253095,28.498159217,SOUTH DELHI,710.2,15.7,19.0,20.0,15.0,21.0,25.0,70.0,237.0,235.0,113.0,17.0,9.0,9.0,South,0,14.2
DEL_174,CHHATARPUR,174,MCD,77.1568522165,28.4965300955,SOUTH DELHI,710.2,15.7,19.0,20.0,15.0,21.0,25.0,70.0,237.0,235.0,113.0,17.0,9.0,9.0,South,0,15.0
DEL_175,AYA NAGAR,175,MCD,77.15480855,28.4475041575,SOUTH DELHI,710.2,15.7,19.0,20.0,15.0,21.0,25.0,70.0,237.0,235.0,113.0,17.0,9.0,9.0,South,0,18.5
DEL_176,BHATI,176,MCD,77.205455565,28.44981101,SOUTH DELHI,710.2,15.7,19.0,20.0,15.0,21.0,25.0,70.0,237.0,235.0,113.0,17.0,9.0,9.0,South,0,17.8
DEL_177,SAID UL AJAIB,177,MCD,77.225317316,28.4729457355,SOUTH DELHI,710.2,15.7,19.0,20.0,15.0,21.0,25.0,70.0,237.0,235.0,113.0,17.0,9.0,9.0,South,0,16.2
DEL_178,SANGAM VIHAR,178,MCD,77.223367972,28.4849326425,SOUTH EAST DELHI,720.9,20.4,19.0,20.0,15.0,21.0,25.0,70.0,237.0,235.0,113.0,17.0,9.0,9.0,South,0,14.5
DEL_179,TIGRI,179,MCD,77.2292564285,28.500387287,SOUTH EAST DELHI,720.9,20.4,19.0,20.0,15.0,21.0,25.0,70.0,237.0,235.0,113.0,17.0,9.0,9.0,South,0,13.8
DEL_180,DAKSHINPURI EXT.,180,MCD,77.240804272,28.526775829,SOUTH EAST DELHI,720.9,20.4,19.0,20.0,15.0,21.0,25.0,70.0,237.0,235.0,113.0,17.0,9.0,9.0,South,0,12.0
DEL_181,KHANPUR,181,MCD,77.224850192,28.5108747655,SOUTH EAST DELHI,720.9,20.4,19.0,20.0,15.0,21.0,25.0,70.0,237.0,235.0,113.0,17.0,9.0,9.0,South,0,13.2
DEL_182,AMBEDKAR NAGAR,182,MCD,77.2326116365,28.5166256535,SOUTH EAST DELHI,720.9,20.4,19.0,20.0,15.0,21.0,25.0,70.0,237.0,235.0,113.0,17.0,9.0,9.0,South,0,12.5
DEL_183,MADANGIR,183,MCD,77.2352212425,28.520548553,SOUTH EAST DELHI,720.9,20.4,19.0,20.0,15.0,21.0,25.0,70.0,237.0,235.0,113.0,17.0,9.0,9.0,South,0,12.2
DEL_184,PUSHP VIHAR,184,MCD,77.2239743345,28.5243644575,SOUTH EAST DELHI,720.9,20.4,19.0,20.0,15.0,21.0,25.0,70.0,237.0,235.0,113.0,17.0,9.0,9.0,South,0,12.8
DEL_185,TUGHLAKABAD EXTN,185,MCD,77.2510091335,28.5170318005,SOUTH EAST DELHI,720.9,20.4,19.0,20.0,15.0,21.0,25.0,70.0,237.0,235.0,113.0,17.0,9.0,9.0,South,0,11.5
DEL_186,SANGAM VIHAR WEST,186,MCD,77.2494954725,28.4940473365,SOUTH EAST DELHI,720.9,20.4,19.0,20.0,15.0,21.0,25.0,70.0,237.0,235.0,113.0,17.0,9.0,9.0,South,0,13.5
DEL_187,SANGAM VIHAR CENTRAL,187,MCD,77.2516020215,28.4940048465,SOUTH EAST DELHI,720.9,20.4,19.0,20.0,15.0,21.0,25.0,70.0,237.0,235.0,113.0,17.0,9.0,9.0,South,0,13.8
DEL_188,SANGAM VIHAR EAST,188,MCD,77.2605537335,28.498670019,SOUTH EAST DELHI,720.9,20.4,19.0,20.0,15.0,21.0,25.0,70.0,237.0,235.0,113.0,17.0,9.0,9.0,South,0,13.2
DEL_189,CHIRAG DELHI,189,MCD,77.2345295395,28.5343049575,SOUTH EAST DELHI,720.9,20.4,19.0,20.0,15.0,21.0,25.0,70.0,237.0,235.0,113.0,17.0,9.0,9.0,South,1,10.5
DEL_190,CHITRANJAN PARK,190,MCD,77.249464031,28.5331602995,SOUTH EAST DELHI,720.9,20.4,19.0,20.0,15.0,21.0,25.0,70.0,237.0,235.0,113.0,17.0,9.0,9.0,South,1,10.0
DEL_191,SHAPUR JAT,191,MCD,77.2268848765,28.542709101,SOUTH DELHI,710.2,15.7,19.0,20.0,15.0,21.0,25.0,70.0,237.0,235.0,113.0,17.0,9.0,9.0,South,1,9.5
DEL_192,GREATER KAILASH-I,192,MCD,77.244545755,28.5522931405,SOUTH DELHI,710.2,15.7,19.0,20.0,15.0,21.0,25.0,70.0,237.0,235.0,113.0,17.0,9.0,9.0,South,1,8.2
DEL_193,SRI NIWASPURI,193,MCD,77.2684633995,28.559953817,SOUTH EAST DELHI,720.9,20.4,19.0,20.0,15.0,21.0,25.0,70.0,237.0,235.0,113.0,17.0,9.0,9.0,South,1,7.5
DEL_194,EAST OF KAILASH,194,MCD,77.258496591,28.5511448,SOUTH EAST DELHI,720.9,20.4,19.0,20.0,15.0,21.0,25.0,70.0,237.0,235.0,113.0,17.0,9.0,9.0,South,1,8.5
DEL_195,GOVIND PURI,195,MCD,77.2623683305,28.5307142055,SOUTH EAST DELHI,720.9,20.4,19.0,20.0,15.0,21.0,25.0,70.0,237.0,235.0,113.0,17.0,9.0,9.0,South,1,10.2
DEL_196,KALKAJI,196,MCD,77.2603830535,28.538053622,SOUTH EAST DELHI,720.9,20.4,19.0,20.0,15.0,21.0,25.0,70.0,237.0,235.0,113.0,17.0,9.0,9.0,South,1,9.0
DEL_197,TUGHLAKABAD,197,MCD,77.2768356975,28.5156535185,SOUTH EAST DELHI,720.9,20.4,19.0,20.0,15.0,21.0,25.0,70.0,237.0,235.0,113.0,17.0,9.0,9.0,South,0,11.8
DEL_198,PUL PEHLAD,198,MCD,77.2818033815,28.4958598385,SOUTH EAST DELHI,720.9,20.4,19.0,20.0,15.0,21.0,25.0,70.0,237.0,235.0,113.0,17.0,9.0,9.0,South,0,13.5
DEL_199,TEKHAND,199,MCD,77.2859895305,28.5120805685,SOUTH EAST DELHI,720.9,20.4,19.0,20.0,15.0,21.0,25.0,70.0,237.0,235.0,113.0,17.0,9.0,9.0,South,0,12.2
DEL_200,HARKESH NAGAR,200,MCD,77.275393902,28.5403696805,SOUTH EAST DELHI,720.9,20.4,19.0,20.0,15.0,21.0,25.0,70.0,237.0,235.0,113.0,17.0,9.0,9.0,South,1,9.5
DEL_201,JAITPUR,201,MCD,77.32807111,28.509264578,SOUTH EAST DELHI,720.9,20.4,19.0,20.0,15.0,21.0,25.0,70.0,237.0,235.0,113.0,17.0,9.0,9.0,South,0,10.5
DEL_202,MEETHEYPUR,202,MCD,77.3252054845,28.496104631,SOUTH EAST DELHI,720.9,20.4,19.0,20.0,15.0,21.0,25.0,70.0,237.0,235.0,113.0,17.0,9.0,9.0,South,0,12.0
DEL_203,BADAR PUR,203,MCD,77.3042388055,28.501882979,SOUTH EAST DELHI,720.9,20.4,19.0,20.0,15.0,21.0,25.0,70.0,237.0,235.0,113.0,17.0,9.0,9.0,South,0,11.2
DEL_204,MOLARBAND,204,MCD,77.311919401,28.4959543465,SOUTH EAST DELHI,720.9,20.4,19.0,20.0,15.0,21.0,25.0,70.0,237.0,235.0,113.0,17.0,9.0,9.0,South,0,11.8
DEL_205,ZAKIR NAGAR,205,MCD,77.27803944,28.571938965,SOUTH EAST DELHI,720.9,20.4,19.0,20.0,15.0,21.0,25.0,70.0,237.0,235.0,113.0,17.0,9.0,9.0,South,1,8.0
DEL_206,OKHLA,206,MCD,77.284116543,28.560313318,SOUTH EAST DELHI,720.9,20.4,19.0,20.0,15.0,21.0,25.0,70.0,237.0,235.0,113.0,17.0,9.0,9.0,South,1,7.2
DEL_207,MADANPUR KHADAR,207,MCD,77.3204444135,28.5249913795,SOUTH EAST DELHI,720.9,20.4,19.0,20.0,15.0,21.0,25.0,70.0,237.0,235.0,113.0,17.0,9.0,9.0,South,0,9.5
DEL_208,SARITA VIHAR,208,MCD,77.3040501595,28.536478395,SOUTH EAST DELHI,720.9,20.4,19.0,20.0,15.0,21.0,25.0,70.0,237.0,235.0,113.0,17.0,9.0,9.0,South,0,10.2
DEL_209,MAYUR VIHAR PHASE-I,209,MCD,77.300569188,28.604318893,EAST DELHI,715.1,19.0,19.0,20.0,15.0,21.0,25.0,70.0,237.0,235.0,113.0,17.0,9.0,9.0,East,1,4.2
DEL_210,DALLOPURA,210,MCD,77.312665003,28.6082505395,EAST DELHI,715.1,19.0,19.0,20.0,15.0,21.0,25.0,70.0,237.0,235.0,113.0,17.0,9.0,9.0,East,1,3.8
DEL_211,TRILOK PURI,211,MCD,77.288679985,28.5967425105,EAST DELHI,715.1,19.0,19.0,20.0,15.0,21.0,25.0,70.0,237.0,235.0,113.0,17.0,9.0,9.0,East,1,4.5
DEL_212,NEW ASHOK NAGAR,212,MCD,77.302868875,28.594771583,EAST DELHI,715.1,19.0,19.0,20.0,15.0,21.0,25.0,70.0,237.0,235.0,113.0,17.0,9.0,9.0,East,1,4.0
DEL_213,KALYAN PURI,213,MCD,77.3153285075,28.6157268235,EAST DELHI,715.1,19.0,19.0,20.0,15.0,21.0,25.0,70.0,237.0,235.0,113.0,17.0,9.0,9.0,East,1,3.2
DEL_214,KHICHRIPUR,214,MCD,77.3206959415,28.613170174,EAST DELHI,715.1,19.0,19.0,20.0,15.0,21.0,25.0,70.0,237.0,235.0,113.0,17.0,9.0,9.0,East,1,3.5
DEL_215,KONDLI,215,MCD,77.3317047955,28.6110736585,EAST DELHI,715.1,19.0,19.0,20.0,15.0,21.0,25.0,70.0,237.0,235.0,113.0,17.0,9.0,9.0,East,1,3.0
DEL_216,GHAROLI,216,MCD,77.334772542,28.61761103,EAST DELHI,715.1,19.0,19.0,20.0,15.0,21.0,25.0,70.0,237.0,235.0,113.0,17.0,9.0,9.0,East,1,2.8
DEL_217,VINOD NAGAR,217,MCD,77.295111922,28.622248159,EAST DELHI,715.1,19.0,19.0,20.0,15.0,21.0,25.0,70.0,237.0,235.0,113.0,17.0,9.0,9.0,East,1,4.8
DEL_218,MANDAWALI,218,MCD,77.295399383,28.6289464875,EAST DELHI,715.1,19.0,19.0,20.0,15.0,21.0,25.0,70.0,237.0,235.0,113.0,17.0,9.0,9.0,East,1,4.2
DEL_219,MAYUR VIHAR PHASE II,219,MCD,77.304863135,28.6199218135,EAST DELHI,715.1,19.0,19.0,20.0,15.0,21.0,25.0,70.0,237.0,235.0,113.0,17.0,9.0,9.0,East,1,3.5
DEL_220,PATPARGANJ,220,MCD,77.2900409325,28.6090546745,EAST DELHI,715.1,19.0,19.0,20.0,15.0,21.0,25.0,70.0,237.0,235.0,113.0,17.0,9.0,9.0,East,1,4.5
DEL_221,KISHAN KUNJ,221,MCD,77.2727169225,28.635845464,EAST DELHI,715.1,19.0,19.0,20.0,15.0,21.0,25.0,70.0,237.0,235.0,113.0,17.0,9.0,9.0,East,1,3.0
DEL_222,LAXMI NAGAR,222,MCD,77.279544118,28.637540714,EAST DELHI,715.1,19.0,19.0,20.0,15.0,21.0,25.0,70.0,237.0,235.0,113.0,17.0,9.0,9.0,East,1,2.5
DEL_223,SHAKARPUR,223,MCD,77.28536071,28.628280144,EAST DELHI,715.1,19.0,19.0,20.0,15.0,21.0,25.0,70.0,237.0,235.0,113.0,17.0,9.0,9.0,East,1,3.2
DEL_224,PANDAV NAGAR,224,MCD,77.278389783,28.6207653625,EAST DELHI,715.1,19.0,19.0,20.0,15.0,21.0,25.0,70.0,237.0,235.0,113.0,17.0,9.0,9.0,East,1,4.0
DEL_225,ANAND VIHAR,225,MCD,77.308573177,28.6569061215,EAST DELHI,715.1,19.0,19.0,20.0,15.0,21.0,25.0,70.0,237.0,235.0,113.0,17.0,9.0,9.0,East,1,2.0
DEL_226,VISHWASH NAGAR,226,MCD,77.294806495,28.6616359225,EAST DELHI,715.1,19.0,19.0,20.0,15.0,21.0,25.0,70.0,237.0,235.0,113.0,17.0,9.0,9.0,East,1,2.8
DEL_227,I.P EXTENTION,227,MCD,77.3143628185,28.6382768515,EAST DELHI,715.1,19.0,19.0,20.0,15.0,21.0,25.0,70.0,237.0,235.0,113.0,17.0,9.0,9.0,East,1,3.5
DEL_228,PREET VIHAR,228,MCD,77.295412858,28.640831657,EAST DELHI,715.1,19.0,19.0,20.0,15.0,21.0,25.0,70.0,237.0,235.0,113.0,17.0,9.0,9.0,East,1,3.2
DEL_229,KRISHNA  NAGAR,229,MCD,77.276696459,28.6536150715,NORTH EAST DELHI,698.7,20.2,19.0,20.0,15.0,21.0,25.0,70.0,237.0,235.0,113.0,17.0,9.0,9.0,North,1,1.5
DEL_230,GEETA COLONY,230,MCD,77.2742440585,28.6493111685,NORTH EAST DELHI,698.7,20.2,19.0,20.0,15.0,21.0,25.0,70.0,237.0,235.0,113.0,17.0,9.0,9.0,North,1,2.0
DEL_231,GHONDLI,231,MCD,77.283577554,28.6502177295,NORTH EAST DELHI,698.7,20.2,19.0,20.0,15.0,21.0,25.0,70.0,237.0,235.0,113.0,17.0,9.0,9.0,North,1,2.2
DEL_232,ANARKALI,232,MCD,77.2900723735,28.650296654,NORTH EAST DELHI,698.7,20.2,19.0,20.0,15.0,21.0,25.0,70.0,237.0,235.0,113.0,17.0,9.0,9.0,North,1,2.0
DEL_233,DHARAMPURA,233,MCD,77.2586313385,28.6665545395,NORTH EAST DELHI,698.7,20.2,19.0,20.0,15.0,21.0,25.0,70.0,237.0,235.0,113.0,17.0,9.0,9.0,North,1,1.8
DEL_234,GANDHI NAGAR,234,MCD,77.2600776265,28.6613759725,NORTH EAST DELHI,698.7,20.2,19.0,20.0,15.0,21.0,25.0,70.0,237.0,235.0,113.0,17.0,9.0,9.0,North,1,2.2
DEL_235,AZAD NAGAR,235,MCD,77.2787041935,28.665407815,NORTH EAST DELHI,698.7,20.2,19.0,20.0,15.0,21.0,25.0,70.0,237.0,235.0,113.0,17.0,9.0,9.0,North,1,1.5
DEL_236,RAGHUBAR PURA,236,MCD,77.2718410645,28.666282593,NORTH EAST DELHI,698.7,20.2,19.0,20.0,15.0,21.0,25.0,70.0,237.0,235.0,113.0,17.0,9.0,9.0,North,1,1.8
DEL_237,SHAHDARA,237,MCD,77.286968694,28.6679616085,NORTH EAST DELHI,698.7,20.2,19.0,20.0,15.0,21.0,25.0,70.0,237.0,235.0,113.0,17.0,9.0,9.0,North,1,1.2
DEL_238,JHILMIL,238,MCD,77.30268472,28.669266105,NORTH EAST DELHI,698.7,20.2,19.0,20.0,15.0,21.0,25.0,70.0,237.0,235.0,113.0,17.0,9.0,9.0,North,1,1.0
DEL_239,VIVEK VIHAR,239,MCD,77.3106123525,28.6751651975,NORTH EAST DELHI,698.7,20.2,19.0,20.0,15.0,21.0,25.0,70.0,237.0,235.0,113.0,17.0,9.0,9.0,North,1,0.8
DEL_240,DILSHAD COLONY,240,MCD,77.3262205805,28.6815019055,NORTH EAST DELHI,698.7,20.2,19.0,20.0,15.0,21.0,25.0,70.0,237.0,235.0,113.0,17.0,9.0,9.0,North,1,1.5
DEL_241,DILSHAD GARDEN,241,MCD,77.310001498,28.6849494775,NORTH EAST DELHI,698.7,20.2,19.0,20.0,15.0,21.0,25.0,70.0,237.0,235.0,113.0,17.0,9.0,9.0,North,1,2.0
DEL_242,NEW SEEMA PURI,242,MCD,77.3238355535,28.6881886465,NORTH EAST DELHI,698.7,20.2,19.0,20.0,15.0,21.0,25.0,70.0,237.0,235.0,113.0,17.0,9.0,9.0,North,1,2.2
DEL_243,NAND NAGRI,243,MCD,77.307562572,28.694634675,NORTH EAST DELHI,698.7,20.2,19.0,20.0,15.0,21.0,25.0,70.0,237.0,235.0,113.0,17.0,9.0,9.0,North,1,2.5
DEL_244,SUNDER NAGARI,244,MCD,77.3169320005,28.694611062,NORTH EAST DELHI,698.7,20.2,19.0,20.0,15.0,21.0,25.0,70.0,237.0,235.0,113.0,17.0,9.0,9.0,North,1,2.8
DEL_245,DURGA PURI,245,MCD,77.2986288265,28.688440759,NORTH EAST DELHI,698.7,20.2,19.0,20.0,15.0,21.0,25.0,70.0,237.0,235.0,113.0,17.0,9.0,9.0,North,1,3.0
DEL_246,ASHOK NAGAR,246,MCD,77.29672889,28.6951468205,NORTH EAST DELHI,698.7,20.2,19.0,20.0,15.0,21.0,25.0,70.0,237.0,235.0,113.0,17.0,9.0,9.0,North,1,3.2
DEL_247,RAM NAGAR,247,MCD,77.2905933965,28.6787316335,NORTH EAST DELHI,698.7,20.2,19.0,20.0,15.0,21.0,25.0,70.0,237.0,235.0,113.0,17.0,9.0,9.0,North,1,2.5
DEL_248,WELCOME COLONY,248,MCD,77.2803795515,28.6791178035,NORTH EAST DELHI,698.7,20.2,19.0,20.0,15.0,21.0,25.0,70.0,237.0,235.0,113.0,17.0,9.0,9.0,North,1,2.2
DEL_249,CHAUHAN BANGER,249,MCD,77.271135887,28.6824278685,NORTH EAST DELHI,698.7,20.2,19.0,20.0,15.0,21.0,25.0,70.0,237.0,235.0,113.0,17.0,9.0,9.0,North,1,2.0
DEL_250,ZAFFRABAD,250,MCD,77.267160842,28.674318239,NORTH EAST DELHI,698.7,20.2,19.0,20.0,15.0,21.0,25.0,70.0,237.0,235.0,113.0,17.0,9.0,9.0,North,1,2.5
DEL_251,NEW USMANPUR,251,MCD,77.2584382005,28.6782232515,NORTH EAST DELHI,698.7,20.2,19.0,20.0,15.0,21.0,25.0,70.0,237.0,235.0,113.0,17.0,9.0,9.0,North,1,2.8
DEL_252,MAUJPUR,252,MCD,77.2754163595,28.6893037325,NORTH EAST DELHI,698.7,20.2,19.0,20.0,15.0,21.0,25.0,70.0,237.0,235.0,113.0,17.0,9.0,9.0,North,1,3.0
DEL_253,BHAJANPURA,253,MCD,77.258563965,28.6976800735,NORTH EAST DELHI,698.7,20.2,19.0,20.0,15.0,21.0,25.0,70.0,237.0,235.0,113.0,17.0,9.0,9.0,North,1,3.5
DEL_254,BRAHAM PURI,254,MCD,77.2579576025,28.688153164,NORTH EAST DELHI,698.7,20.2,19.0,20.0,15.0,21.0,25.0,70.0,237.0,235.0,113.0,17.0,9.0,9.0,North,1,3.2
DEL_255,GHONDA,255,MCD,77.265242939,28.6905015155,NORTH EAST DELHI,698.7,20.2,19.0,20.0,15.0,21.0,25.0,70.0,237.0,235.0,113.0,17.0,9.0,9.0,North,1,3.8
DEL_256,YAMUNA VIHAR,256,MCD,77.2718051325,28.699874752,NORTH EAST DELHI,698.7,20.2,19.0,20.0,15.0,21.0,25.0,70.0,237.0,235.0,113.0,17.0,9.0,9.0,North,1,4.0
DEL_257,SUBHASH MOHALLA,257,MCD,77.274068887,28.6945204505,NORTH EAST DELHI,698.7,20.2,19.0,20.0,15.0,21.0,25.0,70.0,237.0,235.0,113.0,17.0,9.0,9.0,North,1,3.5
DEL_258,KARDAM PURI,258,MCD,77.2842917145,28.693893783,NORTH EAST DELHI,698.7,20.2,19.0,20.0,15.0,21.0,25.0,70.0,237.0,235.0,113.0,17.0,9.0,9.0,North,1,3.2
DEL_259,JANTA COLONY,259,MCD,77.279252166,28.6839843655,NORTH EAST DELHI,698.7,20.2,19.0,20.0,15.0,21.0,25.0,70.0,237.0,235.0,113.0,17.0,9.0,9.0,North,1,2.8
DEL_260,BABAR PUR,260,MCD,77.285410117,28.686998654,NORTH EAST DELHI,698.7,20.2,19.0,20.0,15.0,21.0,25.0,70.0,237.0,235.0,113.0,17.0,9.0,9.0,North,1,2.5
DEL_261,JIWANPUR,261,MCD,77.2826388145,28.7133552485,NORTH DELHI,631.5,15.0,19.0,20.0,15.0,21.0,25.0,70.0,237.0,235.0,113.0,17.0,9.0,9.0,North,1,4.2
DEL_262,GOKALPUR,262,MCD,77.2888102405,28.707285025,NORTH DELHI,631.5,15.0,19.0,20.0,15.0,21.0,25.0,70.0,237.0,235.0,113.0,17.0,9.0,9.0,North,1,4.0
DEL_263,SABOLI,263,MCD,77.306228574,28.706634906,NORTH DELHI,631.5,15.0,19.0,20.0,15.0,21.0,25.0,70.0,237.0,235.0,113.0,17.0,9.0,9.0,North,1,3.8
DEL_264,HARSH VIHAR,264,MCD,77.3185983755,28.7057760975,NORTH DELHI,631.5,15.0,19.0,20.0,15.0,21.0,25.0,70.0,237.0,235.0,113.0,17.0,9.0,9.0,North,1,3.5
DEL_265,SHIV VIHAR,265,MCD,77.279256658,28.725763371,NORTH DELHI,631.5,15.0,19.0,20.0,15.0,21.0,25.0,70.0,237.0,235.0,113.0,17.0,9.0,9.0,North,1,5.0
DEL_266,KARAWAL NAGAR EAST,266,MCD,77.2720162365,28.7193943345,NORTH DELHI,631.5,15.0,19.0,20.0,15.0,21.0,25.0,70.0,237.0,235.0,113.0,17.0,9.0,9.0,North,1,4.8
DEL_267,NEHRU VIHAR,267,MCD,77.2640661465,28.708664044,NORTH DELHI,631.5,15.0,19.0,20.0,15.0,21.0,25.0,70.0,237.0,235.0,113.0,17.0,9.0,9.0,North,1,4.2
DEL_268,MUSTAFABAD,268,MCD,77.269739007,28.7099165685,NORTH DELHI,631.5,15.0,19.0,20.0,15.0,21.0,25.0,70.0,237.0,235.0,113.0,17.0,9.0,9.0,North,1,4.0
DEL_269,KHAJOORI KHAS,269,MCD,77.2607738205,28.707962744,NORTH DELHI,631.5,15.0,19.0,20.0,15.0,21.0,25.0,70.0,237.0,235.0,113.0,17.0,9.0,9.0,North,1,4.5
DEL_270,TUKHMIR PUR,270,MCD,77.262583926,28.713856034,NORTH DELHI,631.5,15.0,19.0,20.0,15.0,21.0,25.0,70.0,237.0,235.0,113.0,17.0,9.0,9.0,North,1,5.2
DEL_271,KARAWAL NAGAR WEST,271,MCD,77.2675830505,28.7266377535,NORTH DELHI,631.5,15.0,19.0,20.0,15.0,21.0,25.0,70.0,237.0,235.0,113.0,17.0,9.0,9.0,North,1,5.8
DEL_272,SONIA VIHAR,272,MCD,77.250780063,28.73207432,NORTH DELHI,631.5,15.0,19.0,20.0,15.0,21.0,25.0,70.0,237.0,235.0,113.0,17.0,9.0,9.0,North,1,6.0
DEL_001,NARELA,1,MCD,77.11346808,28.844765256,NORTH DELHI,631.5,15.0,19.0,20.0,15.0,21.0,25.0,70.0,237.0,235.0,113.0,17.0,9.0,9.0,North,0,12.5
DEL_002,BANKNER,2,MCD,77.076700036,28.8528853445,NORTH WEST DELHI,645.8,11.0,19.0,20.0,15.0,21.0,25.0,70.0,237.0,235.0,113.0,17.0,9.0,9.0,North,0,15.0
DEL_003,ALIPUR,3,MCD,77.1051227315,28.791734201,NORTH WEST DELHI,645.8,11.0,19.0,20.0,15.0,21.0,25.0,70.0,237.0,235.0,113.0,17.0,9.0,9.0,North,0,10.2
DEL_004,BAKHTAWAR PUR,4,MCD,77.169213035,28.818902421,NORTH DELHI,631.5,15.0,19.0,20.0,15.0,21.0,25.0,70.0,237.0,235.0,113.0,17.0,9.0,9.0,North,0,8.5
DEL_005,BHALASWA JAHAGIR PUR,5,MCD,77.156524332,28.761972933,NORTH DELHI,631.5,15.0,19.0,20.0,15.0,21.0,25.0,70.0,237.0,235.0,113.0,17.0,9.0,9.0,North,1,5.5
DEL_006,MUKUND PUR,6,MCD,77.1887513925,28.747376305,NORTH DELHI,631.5,15.0,19.0,20.0,15.0,21.0,25.0,70.0,237.0,235.0,113.0,17.0,9.0,9.0,North,1,4.8
DEL_007,BURARI,7,MCD,77.2019521355,28.767567201,NORTH DELHI,631.5,15.0,19.0,20.0,15.0,21.0,25.0,70.0,237.0,235.0,113.0,17.0,9.0,9.0,North,1,3.2
DEL_008,JHARODA,8,MCD,77.213208026,28.743853809,NORTH DELHI,631.5,15.0,19.0,20.0,15.0,21.0,25.0,70.0,237.0,235.0,113.0,17.0,9.0,9.0,North,1,4.5
DEL_009,MALKAGANJ,9,MCD,77.207867542,28.673632412,NORTH WEST DELHI,645.8,11.0,19.0,20.0,15.0,21.0,25.0,70.0,237.0,235.0,113.0,17.0,9.0,9.0,North,1,6.2
DEL_010,TIMAR PUR,10,MCD,77.2182969825,28.7013811855,NORTH DELHI,631.5,15.0,19.0,20.0,15.0,21.0,25.0,70.0,237.0,235.0,113.0,17.0,9.0,9.0,North,1,4.0
DEL_011,MUKHERJEE NAGAR,11,MCD,77.2155930535,28.7135877805,NORTH DELHI,631.5,15.0,19.0,20.0,15.0,21.0,25.0,70.0,237.0,235.0,113.0,17.0,9.0,9.0,North,1,3.5
DEL_012,G.T.B. NAGAR,12,MCD,77.2051231885,28.6991449445,NORTH DELHI,631.5,15.0,19.0,20.0,15.0,21.0,25.0,70.0,237.0,235.0,113.0,17.0,9.0,9.0,North,1,4.2
DEL_013,DHIR PUR,13,MCD,77.196063679,28.7200988705,NORTH DELHI,631.5,15.0,19.0,20.0,15.0,21.0,25.0,70.0,237.0,235.0,113.0,17.0,9.0,9.0,North,1,5.0
DEL_014,ADARASH  NAGAR,14,MCD,77.174036988,28.714340254,NORTH WEST DELHI,645.8,11.0,19.0,20.0,15.0,21.0,25.0,70.0,237.0,235.0,113.0,17.0,9.0,9.0,North,1,6.5
DEL_015,SARAI PIPAL THALA,15,MCD,77.161496507,28.724577638,NORTH WEST DELHI,645.8,11.0,19.0,20.0,15.0,21.0,25.0,70.0,237.0,235.0,113.0,17.0,9.0,9.0,North,1,7.2
DEL_016,JAHANGIRPURI-I,16,MCD,77.168750403,28.7272683055,NORTH WEST DELHI,645.8,11.0,19.0,20.0,15.0,21.0,25.0,70.0,237.0,235.0,113.0,17.0,9.0,9.0,North,1,6.8
DEL_017,SAMAYPUR BADLI,17,MCD,77.1463464195,28.737881851,NORTH WEST DELHI,645.8,11.0,19.0,20.0,15.0,21.0,25.0,70.0,237.0,235.0,113.0,17.0,9.0,9.0,North,1,8.0
DEL_018,LIBAS PUR,18,MCD,77.1465171,28.7577295345,NORTH WEST DELHI,645.8,11.0,19.0,20.0,15.0,21.0,25.0,70.0,237.0,235.0,113.0,17.0,9.0,9.0,North,1,9.5
DEL_019,BHALSWA,19,MCD,77.1612988775,28.7432852495,NORTH DELHI,631.5,15.0,19.0,20.0,15.0,21.0,25.0,70.0,237.0,235.0,113.0,17.0,9.0,9.0,North,1,5.8
DEL_020,JAHANGIR PURI -II,20,MCD,77.168072175,28.7323962995,NORTH WEST DELHI,645.8,11.0,19.0,20.0,15.0,21.0,25.0,70.0,237.0,235.0,113.0,17.0,9.0,9.0,North,1,6.2
DEL_021,ROHINI,21,MCD,77.115327593,28.7324509415,NORTH WEST DELHI,645.8,11.0,19.0,20.0,15.0,21.0,25.0,70.0,237.0,235.0,113.0,17.0,9.0,9.0,North,1,9.8
DEL_022,RITHALA,22,MCD,77.1076020815,28.7167667245,NORTH WEST DELHI,645.8,11.0,19.0,20.0,15.0,21.0,25.0,70.0,237.0,235.0,113.0,17.0,9.0,9.0,North,1,10.5
DEL_023,BUDH VIHAR,23,MCD,77.0869228635,28.7156205955,NORTH WEST DELHI,645.8,11.0,19.0,20.0,15.0,21.0,25.0,70.0,237.0,235.0,113.0,17.0,9.0,9.0,North,1,12.0
DEL_024,VIJAY VIHAR,24,MCD,77.094033029,28.7088920695,NORTH WEST DELHI,645.8,11.0,19.0,20.0,15.0,21.0,25.0,70.0,237.0,235.0,113.0,17.0,9.0,9.0,North,1,11.2
DEL_025,POOTH KALAN,25,MCD,77.073991615,28.7185458075,NORTH WEST DELHI,645.8,11.0,19.0,20.0,15.0,21.0,25.0,70.0,237.0,235.0,113.0,17.0,9.0,9.0,North,1,13.0
DEL_026,SAHIBABAD DAULAT PUR,26,MCD,77.1003392025,28.7456117595,NORTH WEST DELHI,645.8,11.0,19.0,20.0,15.0,21.0,25.0,70.0,237.0,235.0,113.0,17.0,9.0,9.0,North,1,11.5
DEL_027,BEGUMPUR,27,MCD,77.0140155955,28.7565147485,NORTH WEST DELHI,645.8,11.0,19.0,20.0,15.0,21.0,25.0,70.0,237.0,235.0,113.0,17.0,9.0,9.0,North,0,18.0
DEL_028,BAWANA,28,MCD,77.006573053,28.808736115,NORTH WEST DELHI,645.8,11.0,19.0,20.0,15.0,21.0,25.0,70.0,237.0,235.0,113.0,17.0,9.0,9.0,North,0,16.5
DEL_029,KARALA,29,MCD,77.0017401165,28.738469518,NORTH WEST DELHI,645.8,11.0,19.0,20.0,15.0,21.0,25.0,70.0,237.0,235.0,113.0,17.0,9.0,9.0,North,0,17.2
DEL_030,MUNDAKA,30,MCD,76.9970374365,28.688412927,NORTH WEST DELHI,645.8,11.0,19.0,20.0,15.0,21.0,25.0,70.0,237.0,235.0,113.0,17.0,9.0,9.0,North,0,17.8
DEL_031,NANGLOI JAT WEST,31,MCD,77.048722006,28.682999255,NORTH WEST DELHI,645.8,11.0,19.0,20.0,15.0,21.0,25.0,70.0,237.0,235.0,113.0,17.0,9.0,9.0,North,1,14.5
DEL_032,NILOTHI,32,MCD,77.0552168255,28.66887124,NORTH WEST DELHI,645.8,11.0,19.0,20.0,15.0,21.0,25.0,70.0,237.0,235.0,113.0,17.0,9.0,9.0,North,1,13.8
DEL_033,PREM NAGAR,33,MCD,77.0583025385,28.7063908415,NORTH WEST DELHI,645.8,11.0,19.0,20.0,15.0,21.0,25.0,70.0,237.0,235.0,113.0,17.0,9.0,9.0,North,1,12.2
DEL_034,NITHARI,34,MCD,77.037093315,28.70460507,NORTH WEST DELHI,645.8,11.0,19.0,20.0,15.0,21.0,25.0,70.0,237.0,235.0,113.0,17.0,9.0,9.0,North,1,15.0
DEL_035,KIRARI SULEMAN NAGAR,35,MCD,77.0573593075,28.6972857305,NORTH WEST DELHI,645.8,11.0,19.0,20.0,15.0,21.0,25.0,70.0,237.0,235.0,113.0,17.0,9.0,9.0,North,1,13.5
DEL_036,PRATAP VIHAR,36,MCD,77.0494002345,28.691466878,NORTH WEST DELHI,645.8,11.0,19.0,20.0,15.0,21.0,25.0,70.0,237.0,235.0,113.0,17.0,9.0,9.0,North,1,14.2
DEL_037,SULTANPURI  EAST,37,MCD,77.079188369,28.6973610535,NORTH WEST DELHI,645.8,11.0,19.0,20.0,15.0,21.0,25.0,70.0,237.0,235.0,113.0,17.0,9.0,9.0,North,1,12.0
DEL_038,MANGOL PURI  NORTH,38,MCD,77.0869767625,28.700091447,NORTH WEST DELHI,645.8,11.0,19.0,20.0,15.0,21.0,25.0,70.0,237.0,235.0,113.0,17.0,9.0,9.0,North,1,11.5
DEL_039,SULTANPUR MAJRA,39,MCD,77.073524491,28.697597383,NORTH WEST DELHI,645.8,11.0,19.0,20.0,15.0,21.0,25.0,70.0,237.0,235.0,113.0,17.0,9.0,9.0,North,1,13.2
DEL_040,SULTANPURI  SOUTH,40,MCD,77.0701198765,28.6888191535,NORTH WEST DELHI,645.8,11.0,19.0,20.0,15.0,21.0,25.0,70.0,237.0,235.0,113.0,17.0,9.0,9.0,North,1,13.8
DEL_041,GURU HARKISHAN NAGAR,41,MCD,77.0849330955,28.6662940125,NORTH WEST DELHI,645.8,11.0,19.0,20.0,15.0,21.0,25.0,70.0,237.0,235.0,113.0,17.0,9.0,9.0,North,1,12.5
DEL_042,PERAGHARHI,42,MCD,77.0855125085,28.6790627045,NORTH WEST DELHI,645.8,11.0,19.0,20.0,15.0,21.0,25.0,70.0,237.0,235.0,113.0,17.0,9.0,9.0,North,1,12.2
DEL_043,NANGLOI EAST,43,MCD,77.0638406525,28.6735688695,NORTH WEST DELHI,645.8,11.0,19.0,20.0,15.0,21.0,25.0,70.0,237.0,235.0,113.0,17.0,9.0,9.0,North,1,14.0
DEL_044,QUAMMRUDDIN NAGAR,44,MCD,77.0636160735,28.657066744,NORTH WEST DELHI,645.8,11.0,19.0,20.0,15.0,21.0,25.0,70.0,237.0,235.0,113.0,17.0,9.0,9.0,North,1,14.8
DEL_045,ROHINI SOUTH,45,MCD,77.108518363,28.7026991755,NORTH WEST DELHI,645.8,11.0,19.0,20.0,15.0,21.0,25.0,70.0,237.0,235.0,113.0,17.0,9.0,9.0,North,1,10.5
DEL_046,MANGOLPURI  EAST,46,MCD,77.096916621,28.6900562235,NORTH WEST DELHI,645.8,11.0,19.0,20.0,15.0,21.0,25.0,70.0,237.0,235.0,113.0,17.0,9.0,9.0,North,1,11.8
DEL_047,MANGOLPURI,47,MCD,77.091490797,28.6973571535,NORTH WEST DELHI,645.8,11.0,19.0,20.0,15.0,21.0,25.0,70.0,237.0,235.0,113.0,17.0,9.0,9.0,North,1,12.0
DEL_048,MANGOLPURI  WEST,48,MCD,77.083738336,28.690087764,NORTH WEST DELHI,645.8,11.0,19.0,20.0,15.0,21.0,25.0,70.0,237.0,235.0,113.0,17.0,9.0,9.0,North,1,13.0
DEL_049,ROHINI NORTH,49,MCD,77.1332983905,28.7350025185,NORTH WEST DELHI,645.8,11.0,19.0,20.0,15.0,21.0,25.0,70.0,237.0,235.0,113.0,17.0,9.0,9.0,North,1,9.2
DEL_050,ROHINI CENTRAL,50,MCD,77.12435117,28.7202132275,NORTH WEST DELHI,645.8,11.0,19.0,20.0,15.0,21.0,25.0,70.0,237.0,235.0,113.0,17.0,9.0,9.0,North,1,9.5
DEL_051,ROHINI EAST,51,MCD,77.1279848555,28.7091283345,NORTH WEST DELHI,645.8,11.0,19.0,20.0,15.0,21.0,25.0,70.0,237.0,235.0,113.0,17.0,9.0,9.0,North,1,9.8
DEL_052,NAHARPUR,52,MCD,77.117438634,28.7109052645,NORTH WEST DELHI,645.8,11.0,19.0,20.0,15.0,21.0,25.0,70.0,237.0,235.0,113.0,17.0,9.0,9.0,North,1,10.2
DEL_053,PITAMPURA SOUTH,53,MCD,77.1440781735,28.701308553,NORTH WEST DELHI,645.8,11.0,19.0,20.0,15.0,21.0,25.0,70.0,237.0,235.0,113.0,17.0,9.0,9.0,North,1,8.5
DEL_054,PITAMPUR NORTH,54,MCD,77.1440781735,28.7177431775,NORTH WEST DELHI,645.8,11.0,19.0,20.0,15.0,21.0,25.0,70.0,237.0,235.0,113.0,17.0,9.0,9.0,North,1,8.2
DEL_055,SHALIMAR BAGH NORTH,55,MCD,77.1543144765,28.7185786155,NORTH WEST DELHI,645.8,11.0,19.0,20.0,15.0,21.0,25.0,70.0,237.0,235.0,113.0,17.0,9.0,9.0,North,1,7.5
DEL_056,SHALIMAR BAGH SOUTH,56,MCD,77.161954648,28.709640529,NORTH WEST DELHI,645.8,11.0,19.0,20.0,15.0,21.0,25.0,70.0,237.0,235.0,113.0,17.0,9.0,9.0,North,1,8.0
DEL_057,PASCHIM VIHAR SOUTH,57,MCD,77.102733213,28.666987539,NORTH WEST DELHI,645.8,11.0,19.0,20.0,15.0,21.0,25.0,70.0,237.0,235.0,113.0,17.0,9.0,9.0,North,1,11.0
DEL_058,PASCHIM VIHAR NORTH,58,MCD,77.1045028935,28.6759652825,NORTH WEST DELHI,645.8,11.0,19.0,20.0,15.0,21.0,25.0,70.0,237.0,235.0,113.0,17.0,9.0,9.0,North,1,10.5
DEL_059,RANI BAGH,59,MCD,77.1268978935,28.6828571565,NORTH WEST DELHI,645.8,11.0,19.0,20.0,15.0,21.0,25.0,70.0,237.0,235.0,113.0,17.0,9.0,9.0,North,1,10.0
DEL_060,SARASWATI VIHAR,60,MCD,77.113081805,28.6912538025,NORTH WEST DELHI,645.8,11.0,19.0,20.0,15.0,21.0,25.0,70.0,237.0,235.0,113.0,17.0,9.0,9.0,North,1,11.2
DEL_061,TRI NAGAR,61,MCD,77.1614156585,28.677915995,NORTH WEST DELHI,645.8,11.0,19.0,20.0,15.0,21.0,25.0,70.0,237.0,235.0,113.0,17.0,9.0,9.0,North,1,9.0
DEL_062,RAMPURA,62,MCD,77.146045484,28.6807883725,NORTH WEST DELHI,645.8,11.0,19.0,20.0,15.0,21.0,25.0,70.0,237.0,235.0,113.0,17.0,9.0,9.0,North,1,9.5
DEL_063,KOHAT ENCLAVE,63,MCD,77.1361146085,28.693680802,NORTH WEST DELHI,645.8,11.0,19.0,20.0,15.0,21.0,25.0,70.0,237.0,235.0,113.0,17.0,9.0,9.0,North,1,8.8
DEL_064,SHAKUR PUR,64,MCD,77.1478286395,28.690359588,NORTH WEST DELHI,645.8,11.0,19.0,20.0,15.0,21.0,25.0,70.0,237.0,235.0,113.0,17.0,9.0,9.0,North,1,8.2
DEL_065,NIMRI COLONY,65,MCD,77.173538423,28.6820574685,NORTH WEST DELHI,645.8,11.0,19.0,20.0,15.0,21.0,25.0,70.0,237.0,235.0,113.0,17.0,9.0,9.0,North,1,7.8
DEL_066,SAWAN PARK,66,MCD,77.1795706105,28.6919942625,NORTH WEST DELHI,645.8,11.0,19.0,20.0,15.0,21.0,25.0,70.0,237.0,235.0,113.0,17.0,9.0,9.0,North,1,7.2
DEL_067,WAJIRPUR,67,MCD,77.1648382395,28.68921278,NORTH WEST DELHI,645.8,11.0,19.0,20.0,15.0,21.0,25.0,70.0,237.0,235.0,113.0,17.0,9.0,9.0,North,1,8.5
DEL_068,ASHOK VIHAR,68,MCD,77.166688769,28.6976208045,NORTH WEST DELHI,645.8,11.0,19.0,20.0,15.0,21.0,25.0,70.0,237.0,235.0,113.0,17.0,9.0,9.0,North,1,8.0
DEL_069,KAMLA NAGAR,69,MCD,77.194258065,28.677037136,NORTH DELHI,631.5,15.0,19.0,20.0,15.0,21.0,25.0,70.0,237.0,235.0,113.0,17.0,9.0,9.0,North,1,5.2
DEL_070,RANA PRATAP BAGH,70,MCD,77.1943838295,28.688527435,NORTH DELHI,631.5,15.0,19.0,20.0,15.0,21.0,25.0,70.0,237.0,235.0,113.0,17.0,9.0,9.0,North,1,4.8
DEL_071,SANGAM PARK,71,MCD,77.183819642,28.69841666,NORTH DELHI,631.5,15.0,19.0,20.0,15.0,21.0,25.0,70.0,237.0,235.0,113.0,17.0,9.0,9.0,North,1,5.5
DEL_072,MODEL TOWN,72,MCD,77.1912217595,28.701166505,NORTH DELHI,631.5,15.0,19.0,20.0,15.0,21.0,25.0,70.0,237.0,235.0,113.0,17.0,9.0,9.0,North,1,4.5
DEL_073,SHASTRI NAGAR,73,MCD,77.180985457,28.673805897,NORTH WEST DELHI,645.8,11.0,19.0,20.0,15.0,21.0,25.0,70.0,237.0,235.0,113.0,17.0,9.0,9.0,North,1,7.2
DEL_074,INDER LOK COLONY,74,MCD,77.174261567,28.6651827555,NORTH WEST DELHI,645.8,11.0,19.0,20.0,15.0,21.0,25.0,70.0,237.0,235.0,113.0,17.0,9.0,9.0,North,1,8.0
DEL_075,KISHAN GANJ,75,MCD,77.194482644,28.6672048995,NORTH DELHI,631.5,15.0,19.0,20.0,15.0,21.0,25.0,70.0,237.0,235.0,113.0,17.0,9.0,9.0,North,1,5.5
DEL_076,DEPUTY GANJ,76,MCD,77.2075216905,28.663685465,NORTH DELHI,631.5,15.0,19.0,20.0,15.0,21.0,25.0,70.0,237.0,235.0,113.0,17.0,9.0,9.0,North,1,5.0
DEL_077,KASHMERE GATE,77,MCD,77.230738649,28.676169215,NORTH DELHI,631.5,15.0,19.0,20.0,15.0,21.0,25.0,70.0,237.0,235.0,113.0,17.0,9.0,9.0,North,1,3.5
DEL_078,MAJNU KA TILA,78,MCD,77.219222247,28.6834820305,NORTH DELHI,631.5,15.0,19.0,20.0,15.0,21.0,25.0,70.0,237.0,235.0,113.0,17.0,9.0,9.0,North,1,4.2
DEL_079,JAMA MASJID,79,MCD,77.235212259,28.649992912,CENTRAL DELHI,724.8,24.5,19.0,20.0,15.0,21.0,25.0,70.0,237.0,235.0,113.0,17.0,9.0,9.0,Central,1,2.2
DEL_UNKNOWN,UNKNOWN WARD,0,UNKNOWN,77.27325142,28.651244563,EAST DELHI,715.1,19.0,19.0,20.0,15.0,21.0,25.0,70.0,237.0,235.0,113.0,17.0,9.0,9.0,East,0,2.5