ward_id,ward_name,ward_number,ward_type,centroid_lon,centroid_lat,bounds_min_lon,bounds_min_lat,bounds_max_lon,bounds_max_lat
DEL_CANTT_001,DELHI CANTT CHARGE 1,1,CANTT,77.13054954550006,28.622003401500052,77.12380768900005,28.612462064000056,77.13729140200007,28.63154473900005
DEL_CANTT_002,DELHI CANTT CHARGE 2,2,CANTT,77.13936651000006,28.610229239500057,77.11411486700007,28.595529200000044,77.16461815300005,28.62492927900007
DEL_CANTT_003,DELHI CANTT CHARGE 3,3,CANTT,77.14784660650005,28.593773734500076,77.12636788800006,28.58346079900008,77.16932532500005,28.604086670000072
DEL_CANTT_004,DELHI CANTT CHARGE 4,4,CANTT,77.14334604650006,28.56592405850003,77.12034019200007,28.538622060000023,77.16635190100004,28.593226057000038
DEL_CANTT_005,DELHI CANTT CHARGE 5,5,CANTT,77.13384187100004,28.57474325700005,77.12104087800003,28.563383169000076,77.14664286400006,28.586103345000026
DEL_CANTT_006,DELHI CANTT CHARGE 6,6,CANTT,77.10626808300006,28.573183573500074,77.07773309800007,28.551579364000077,77.13480306800005,28.594787783000072
DEL_CANTT_007,DELHI CANTT CHARGE 7,7,CANTT,77.11005448200007,28.59485790000005,77.09537601000005,28.581338826000035,77.12473295400008,28.608376974000066
DEL_CANTT_008,DELHI CANTT CHARGE 8,8,CANTT,77.12360107650005,28.600375404500056,77.11245298400007,28.590276066000058,77.13474916900003,28.610474743000054
DEL_NDMC_001,NDMC CHARGE 1,1,NDMC,77.22864108300004,28.616813283000056,77.21639704600005,28.597217088000036,77.24088512000003,28.636409478000076
DEL_NDMC_002,NDMC CHARGE 2,2,NDMC,77.21272293600006,28.63741817500005,77.20179942200008,28.627263267000046,77.22364645000005,28.647573083000054
DEL_NDMC_003,NDMC CHARGE 3,3,NDMC,77.18619568550005,28.619796772500052,77.16635190100004,28.59440918400003,77.20603947000006,28.645184361000076
DEL_NDMC_004,NDMC CHARGE 4,4,NDMC,77.21527864300003,28.62117535750005,77.19969736400003,28.61086116900003,77.23085992200004,28.63148954600007
DEL_NDMC_005,NDMC CHARGE 5,5,NDMC,77.22106828500006,28.60168441850007,77.19848463900007,28.589471509000077,77.24365193100004,28.613897328000064
DEL_NDMC_006,NDMC CHARGE 6,6,NDMC,77.21827901600005,28.58489630650007,77.21160004200004,28.579224699000065,77.22495799000006,28.590567914000076
DEL_NDMC_007,NDMC CHARGE 7,7,NDMC,77.20409910950005,28.570621317000047,77.18953741900003,28.560400782000045,77.21866080000007,28.58084185200005
DEL_NDMC_008,NDMC CHARGE 8,8,NDMC,77.19661165150006,28.577248492000052,77.18983386300005,28.572882062000076,77.20338944000008,28.58161492200003
DEL_NDMC_009,NDMC CHARGE 9,9,NDMC,77.18965869100006,28.58928413250004,77.16641478300005,28.568716540000025,77.21290259900007,28.609851725000055
DEL_080,CHANDNI CHOWK,80,MCD,77.23341113700008,28.65769468950006,77.21547178100008,28.649819851000075,77.25135049300007,28.66556952800005
DEL_081,MINTO ROAD,81,MCD,77.23098568600005,28.636093620000054,77.22058319500007,28.626009543000066,77.24138817700003,28.64617769700004
DEL_082,KUCHA PANDIT,82,MCD,77.22614376650006,28.64775827750003,77.22099642000006,28.64400968800004,77.23129111300005,28.651506867000023
DEL_083,BAZAR SITARAM,83,MCD,77.23036135650005,28.64642200450004,77.22663784000008,28.642227946000048,77.23408487300003,28.65061606300003
DEL_084,TURKMAN GATE,84,MCD,77.23567938300005,28.64397417400005,77.23149772500005,28.64117150000004,77.23986104100004,28.64677684800006
DEL_085,IDGAH ROAD,85,MCD,77.21586703950004,28.652121558500056,77.20905781000005,28.645728332000033,77.22267626900003,28.65851478500008
DEL_086,BALLIMARAN,86,MCD,77.22560028550006,28.65324501850006,77.22000827300008,28.64924436800004,77.23119229800005,28.657245669000076
DEL_087,RAM NAGAR,87,MCD,77.21510347150007,28.64911024150004,77.21155512600006,28.644325038000034,77.21865181700008,28.653895445000046
DEL_088,QASABPURA,88,MCD,77.20886467150004,28.653887317000056,77.20303909700004,28.64672166300005,77.21469024600003,28.66105297100006
DEL_089,PAHAR GANJ,89,MCD,77.21091283100006,28.642696831500047,77.20336249100006,28.636149295000052,77.21846317100005,28.64924436800004
DEL_090,MODEL BASTI,90,MCD,77.20347478050004,28.652523299500047,77.19671495800003,28.642354088000047,77.21023460300006,28.662692511000046
DEL_091,KAROL BAGH,91,MCD,77.19159006900006,28.65503411450007,77.18051833300007,28.64566526300007,77.20266180500005,28.66440296600007
DEL_092,DEV NAGAR,92,MCD,77.18033867000005,28.653627315500046,77.17316113100003,28.648897499000043,77.18751620900008,28.65835713200005
DEL_093,BALJIT NAGAR,93,MCD,77.15934055000005,28.65607106400006,77.15442227400007,28.65228729900008,77.16425882600004,28.65985482900004
DEL_094,WEST PATEL NAGAR,94,MCD,77.16116413050005,28.658699731500064,77.15239208200006,28.650821027000063,77.16993617900005,28.666578436000066
DEL_095,EAST PATEL NAGAR,95,MCD,77.17402800550005,28.65342184450006,77.16404323100005,28.642030848000047,77.18401278000005,28.66481284100007
DEL_096,NEW RANJIT NAGAR,96,MCD,77.16072844750005,28.648250937500052,77.15335327900004,28.64318189100004,77.16810361600005,28.653319984000063
DEL_097,KIRTI NAGAR,97,MCD,77.14302265300006,28.655286106000034,77.12962877200005,28.643339568000044,77.15641653400007,28.667232644000023
DEL_098,MANSAROWER GARDEN,98,MCD,77.13362627500007,28.641896311500062,77.12503838100008,28.63154473900005,77.14221416900006,28.652247884000076
DEL_099,MOTI NAGAR,99,MCD,77.14709202100008,28.670345933500045,77.13644698500008,28.66693312700005,77.15773705700008,28.67375874000004
DEL_100,KARAM PURA,100,MCD,77.15581466250006,28.66573485850006,77.13804598600007,28.65935822600005,77.17358333900006,28.672111491000067
DEL_101,RAJA GARDEN,101,MCD,77.12482278550004,28.653847884000072,77.11186009600004,28.646422088000065,77.13778547500004,28.66127368000008
DEL_102,RAGHUBIR NAGAR,102,MCD,77.11489640150006,28.657284975500062,77.10868904300008,28.652539559000047,77.12110376000004,28.662030392000077
DEL_103,PUNJABI BAGH,103,MCD,77.12759857950007,28.66768154850007,77.11509403100007,28.658893152000076,77.14010312800008,28.676469945000065
DEL_104,MADIPUR,104,MCD,77.11529615200004,28.671007878500035,77.11178823100005,28.664915309000037,77.11880407300004,28.677100448000033
DEL_105,RAJOURI GARDEN,105,MCD,77.11813033650006,28.644967247000068,77.10652410300008,28.63686676800006,77.12973657000003,28.653067726000074
DEL_106,TAGORE GARDEN,106,MCD,77.10396839650005,28.64644555700005,77.09585211800004,28.640272724000056,77.11208467500006,28.652618390000043
DEL_107,VISHNU GARDEN,107,MCD,77.09602728900006,28.64853083400007,77.09216004200005,28.644254084000067,77.09989453600008,28.652807584000072
DEL_108,KHYALA,108,MCD,77.10372135950007,28.65227509600004,77.09813383800008,28.643363219000037,77.10930888100006,28.661186973000042
DEL_109,JANAK PURI NORTH,109,MCD,77.09653483750006,28.628729560000068,77.08193721400005,28.620686964000072,77.11113246100007,28.636772156000063
DEL_110,NANGAL RAYA,110,MCD,77.11025660300007,28.615178338000078,77.09888842300006,28.605364316000077,77.12162478300007,28.62499236000008
DEL_111,HARI NAGAR,111,MCD,77.12097350450006,28.62687242800004,77.10966820700008,28.61631830500005,77.13227880200003,28.637426551000033
DEL_112,SUBHASH NAGAR,112,MCD,77.11668854050006,28.636019093000044,77.10332610100005,28.63119781300003,77.13005098000008,28.64084037300006
DEL_113,MAHAVIR NAGAR,113,MCD,77.07578824600006,28.63351961300006,77.06240784000005,28.626695545000075,77.08916865200007,28.640343681000047
DEL_114,TILAK NAGAR,114,MCD,77.09533558600006,28.638478987500065,77.08291637700006,28.63379185100007,77.10775479500006,28.64316612400006
DEL_115,MAJOR BHUPINDAR SINGH NAGAR,115,MCD,77.09220046600007,28.65378091300005,77.08466809200007,28.646863567000025,77.09973284000006,28.66069825900007
DEL_116,VIKASPURI EAST,116,MCD,77.08343740000007,28.647533246500046,77.07079810400006,28.63815978300005,77.09607669600007,28.656906710000044
DEL_117,JANAK PURI WEST,117,MCD,77.07811937400007,28.622480533000044,77.06731264100006,28.613692291000064,77.08892610700008,28.631268775000024
DEL_118,JANAK PURI SOUTH,118,MCD,77.09706035200006,28.617051383000074,77.08668031900004,28.609086750000074,77.10744038500007,28.625016016000075
DEL_119,MILAP NAGAR,119,MCD,77.06256953600007,28.619389610500065,77.04686698500007,28.613234900000066,77.07827208700007,28.625544321000064
DEL_120,SITA PURI,120,MCD,77.07858200600006,28.611342052000055,77.07033098000005,28.60525390300006,77.08683303200007,28.617430201000047
DEL_121,KUNWAR SINGH NAGAR,121,MCD,77.04016555300007,28.643665119000048,77.02134584800007,28.625197375000027,77.05898525800006,28.662132863000068
DEL_122,HASTSAL,122,MCD,77.02585089900006,28.646396557500054,77.00364903700006,28.62653784400004,77.04805276100006,28.666255271000068
DEL_123,VIKAS PURI,123,MCD,77.05907508950006,28.62783470200003,77.04794496300008,28.620939300000032,77.07020521600003,28.634730104000027
DEL_124,VIKAS NAGAR,124,MCD,77.06866011400007,28.640244761000048,77.05589505400008,28.631442238000034,77.08142517400006,28.649047284000062
DEL_125,MOHAN GARDEN,125,MCD,77.03315869400004,28.62733005250007,77.02220823100004,28.620269032000067,77.04410915700004,28.634391073000074
DEL_126,NAWADA,126,MCD,77.04030479200006,28.62323780750006,77.02939475300008,28.61899945300007,77.05121483100004,28.62747616200005
DEL_127,UTTAM NAGAR,127,MCD,77.04390703600006,28.617414386000036,77.03152376000008,28.61437048700003,77.05629031200004,28.62045828500004
DEL_128,BINDAPUR,128,MCD,77.06794595300005,28.613313480000073,77.05604776700005,28.605632462000074,77.07984413900004,28.620994498000073
DEL_129,DABRI,129,MCD,77.09459447600005,28.60763153350004,77.07929616700005,28.601641750000056,77.10989278500006,28.613621317000025
DEL_130,MANGLAPURI,130,MCD,77.08376528550005,28.596120062500063,77.07241507200007,28.58407608500005,77.09511549900003,28.608164040000077
DEL_131,SAGARPUR,131,MCD,77.10251312500006,28.60128279150004,77.09637314000008,28.596649203000027,77.10865311000003,28.605916380000053
DEL_132,SAGARPUR WEST,132,MCD,77.09880757500005,28.603550260000077,77.09226784000003,28.59873143200008,77.10534731000007,28.608369088000074
DEL_133,CHHAWLA,133,MCD,76.95184768600006,28.544827347500046,76.87340230400008,28.50078266400004,77.03029306800005,28.58887203100005
DEL_134,NANGLI SAKRAVATI,134,MCD,76.99819626300004,28.579979940000044,76.94707314000004,28.559146261000024,77.04931938600004,28.600813619000064
DEL_135,KAKRAULA,135,MCD,77.02826736750006,28.60032636400004,77.01040436800008,28.578806601000053,77.04613036700005,28.621846127000026
DEL_136,MATIALA,136,MCD,77.05183916000007,28.587412344000057,77.03183817000007,28.557126371000038,77.07184015000007,28.617698317000077
DEL_137,ROSHANPURA,137,MCD,76.99549233400003,28.609814082500066,76.96819253300004,28.588540739000052,77.02279213500003,28.63108742600008
DEL_138,NAJAFGARH,138,MCD,76.97837942800004,28.612986173000053,76.96985441600003,28.60483590900003,76.98690444000005,28.621136437000075
DEL_139,DICHAON KALAN,139,MCD,76.97009246950006,28.64130161500006,76.92488475300007,28.612651330000062,77.01530018600005,28.669951900000058
DEL_140,KHERA,140,MCD,76.90937084800004,28.581362037000076,76.83877225000003,28.530524908000075,76.97996944600004,28.632199166000078
DEL_141,BIJWASAN,141,MCD,77.04413610700004,28.54867316900004,77.00704466900004,28.512165904000028,77.08122754500005,28.58518043400005
DEL_142,RAJ NAGAR,142,MCD,77.08300620900008,28.57320547650005,77.08013160000007,28.570396969000058,77.08588081800008,28.576013984000042
DEL_143,KAPASHERA,143,MCD,77.09143240650008,28.542216852000053,77.05761981900008,28.514139295000064,77.12524499400007,28.57029440900004
DEL_144,MAHIPALPUR,144,MCD,77.12939970200006,28.537370125500047,77.10913820100006,28.52215088400004,77.14966120300005,28.55258936700053
DEL_145,PALAM,145,MCD,77.08062567350007,28.584880287500027,77.06452786400007,28.57576154000003,77.09672348300006,28.593999035000024
DEL_146,SADH NAGAR,146,MCD,77.09556914850006,28.594787629500075,77.08870152800006,28.58911655600008,77.10243676900006,28.600458703000072
DEL_147,MAHAVIR ENCLAVE,147,MCD,77.06915867900005,28.596806453000056,77.05676642000003,28.58659240600008,77.08155093800008,28.607020500000033
DEL_148,MADHU VIHAR,148,MCD,77.05755693700004,28.60878690000007,77.04813361000004,28.602856330000066,77.06698026400005,28.614717470000073
DEL_149,RAJENDER NAGAR,149,MCD,77.18091359200005,28.637063024000042,77.16445645600004,28.623699183000042,77.19737072800007,28.650426865000043
DEL_150,PUSA,150,MCD,77.16065209050007,28.629136663000054,77.14056126900005,28.603140256000074,77.18074291200008,28.655133070000034
DEL_151,INDER PURI,151,MCD,77.14846644350007,28.63162714400005,77.14155839900008,28.62264255100007,77.15537448800006,28.64061173700003
DEL_152,NARAINA,152,MCD,77.13831548100003,28.62926924000007,77.13227880200003,28.616783568000074,77.14435216000004,28.641754912000067
DEL_153,DARYAGANJ,153,MCD,77.24832766200007,28.632189574500046,77.23906154000008,28.61325855900003,77.25759378400005,28.651120590000062
DEL_154,NIZAMUDDIN,154,MCD,77.25271593250005,28.601169540500052,77.23987900700007,28.57632953800004,77.26555285800004,28.626009543000066
DEL_155,LAJPAT NAGAR,155,MCD,77.24566864950006,28.573706156000043,77.23620489800004,28.565600180000047,77.25513240100008,28.58181213200004
DEL_156,BHOGAL,156,MCD,77.25545130250006,28.57875105000005,77.24403820700007,28.570404859000064,77.26686439800005,28.587097241000038
DEL_157,KASTURBA NAGAR,157,MCD,77.23347851050005,28.582580755000038,77.22124794800004,28.572369270000024,77.24570907300006,28.59279224000005
DEL_158,KOTLA MUBARAKPUR,158,MCD,77.21857546000004,28.57395874200006,77.20933628700004,28.567888150000044,77.22781463300004,28.580029334000074
DEL_159,ANDREWSGANJ,159,MCD,77.22793590500004,28.56615166250006,77.21268700300004,28.553252176000058,77.24318480700003,28.579051149000065
DEL_160,AMAR COLONY,160,MCD,77.24321624850006,28.56444415650006,77.23132704600005,28.55819155200004,77.25510545100008,28.57069676100008
DEL_161,MALVIYA NAGAR,161,MCD,77.19502163350006,28.53885420700007,77.17644896500008,28.527091718000065,77.21359430200005,28.550616696000077
DEL_162,HAUZ RANI,162,MCD,77.21164495800005,28.53445103100006,77.20428775600004,28.52787307400007,77.21900216000006,28.54102898800005
DEL_163,SAFDARJANG ENCLAVE,163,MCD,77.19561452150006,28.557934453500053,77.18384210000005,28.546087303000036,77.20738694300007,28.56978160400007
DEL_164,HAUZ KHAS,164,MCD,77.20876585700006,28.555078188500033,77.19608613700007,28.543498991000035,77.22144557700005,28.56665738600003
DEL_165,VASANT VIHAR,165,MCD,77.16106531550005,28.560293127500046,77.13997736400006,28.544808937000028,77.18215326700005,28.575777318000064
DEL_166,MUNIRKA,166,MCD,77.17847466550006,28.55715378800005,77.16842700900008,28.55068771300006,77.18852232200004,28.563619863000042
DEL_167,R. K. PURAM,167,MCD,77.17902263850004,28.568167710500063,77.16850785800005,28.55775759000005,77.18953741900003,28.578577831000075
DEL_168,NANAK PURA,168,MCD,77.16678309250005,28.57803618150004,77.15754841100005,28.56166317900005,77.17601777400006,28.59440918400003
DEL_169,LADOSARAI,169,MCD,77.19081302650005,28.52458834300006,77.15975826700003,28.507311205000065,77.22186778600008,28.54186548100006
DEL_170,MEHRAULI,170,MCD,77.18737247850004,28.51627412950006,77.17352944000004,28.507887466000057,77.20121551700004,28.524660793000066
DEL_171,VASANTKUNJ,171,MCD,77.16382314350005,28.539426004000063,77.14374130500005,28.52489757400008,77.18390498200006,28.553954434000048
DEL_172,KISHANGARH,172,MCD,77.13533307450007,28.513564937500064,77.09326497000006,28.49262734100006,77.17740117900007,28.53450253400007
DEL_173,DEOLI,173,MCD,77.20532530950007,28.49815921700005,77.18774977100009,28.475446206000072,77.22290084800005,28.52087222800003
DEL_174,CHHATARPUR,174,MCD,77.15685221650006,28.49653009550005,77.11794169000007,28.47996284100003,77.19576274300005,28.513097350000066
DEL_175,AYA NAGAR,175,MCD,77.15480855000007,28.44750415750005,77.11072821900007,28.404252129000042,77.19888888100007,28.490756186000056
DEL_176,BHATI,176,MCD,77.20545556500005,28.449811010000047,77.15754841100005,28.407863144000032,77.25336271900005,28.491758876000063
DEL_177,SAID UL AJAIB,177,MCD,77.22531731600006,28.472945735500048,77.20479979500004,28.456793299000026,77.24583483700007,28.48909817200007
DEL_178,SANGAM VIHAR,178,MCD,77.22336797200003,28.48493264250004,77.20713541500004,28.473274678000053,77.23960052900003,28.49659060700003
DEL_179,TIGRI,179,MCD,77.22925642850007,28.500387287000052,77.22025980100005,28.488656031000062,77.23825305600008,28.512118543000042
DEL_180,DAKSHINPURI EXT.,180,MCD,77.24080427200005,28.52677582900003,77.22986279200006,28.52048547100003,77.25174575200003,28.53306618700003
DEL_181,KHANPUR,181,MCD,77.22485019200005,28.510874765500063,77.21145631100006,28.500387939000063,77.23824407300003,28.521361592000062
DEL_182,AMBEDKAR NAGAR,182,MCD,77.23261163650005,28.51662565350003,77.22687140200003,28.513010520000023,77.23835187100008,28.520240787000034
DEL_183,MADANGIR,183,MCD,77.23522124250005,28.520548553000054,77.22945855000006,28.516925661000073,77.24098393500003,28.524171445000036
DEL_184,PUSHP VIHAR,184,MCD,77.22397433450007,28.52436445750004,77.21592093800007,28.515662728000052,77.23202773100007,28.53306618700003
DEL_185,TUGHLAKABAD EXTN,185,MCD,77.25100913350008,28.517031800500035,77.23747152200008,28.507626965000043,77.26454674500008,28.526436636000028
DEL_186,SANGAM VIHAR WEST,186,MCD,77.24949547250006,28.494047336500074,77.23686066800008,28.47872315400008,77.26213027700004,28.50937151900007
DEL_187,SANGAM VIHAR CENTRAL,187,MCD,77.25160202150005,28.494004846500047,77.24216971100003,28.487834906000046,77.26103433200007,28.50017478700005
DEL_188,SANGAM VIHAR EAST,188,MCD,77.26055373350005,28.49867001900006,77.24598755100004,28.485292538000067,77.27511991600005,28.51204750000005
DEL_189,CHIRAG DELHI,189,MCD,77.23452953950007,28.53430495750007,77.22105031900008,28.526657628000066,77.24800876000006,28.541952287000072
DEL_190,CHITRANJAN PARK,190,MCD,77.24946403100006,28.533160299500054,77.23953764700008,28.521993026000075,77.25939041500004,28.544327573000032
DEL_191,SHAPUR JAT,191,MCD,77.22688487650007,28.54270910100007,77.20883323100009,28.53007504800007,77.24493652200005,28.55534315400007
DEL_192,GREATER KAILASH-I,192,MCD,77.24454575500005,28.55229314050004,77.22817395900006,28.543980359000045,77.26091755100003,28.560605922000036
DEL_193,SRI NIWASPURI,193,MCD,77.26846339950006,28.559953817000064,77.25213202800006,28.544209205000072,77.28479477100007,28.575698429000056
DEL_194,EAST OF KAILASH,194,MCD,77.25849659100004,28.55114480000006,77.24582585400003,28.540137247000075,77.27116732800005,28.562152353000045
DEL_195,GOVIND PURI,195,MCD,77.26236833050007,28.53071420550006,77.25690208200007,28.525749981000047,77.26783457900007,28.535678430000075
DEL_196,KALKAJI,196,MCD,77.26038305350005,28.538053622000064,77.25121574600007,28.530982659000074,77.26955036100003,28.545124585000053
DEL_197,TUGHLAKABAD,197,MCD,77.27683569750005,28.515653518500073,77.25458442800004,28.49899060000007,77.29908696700005,28.532316437000077
DEL_198,PUL PEHLAD,198,MCD,77.28180338150005,28.495859838500053,77.26385504200005,28.48562415500004,77.29975172100006,28.506095522000066
DEL_199,TEKHAND,199,MCD,77.28598953050005,28.51208056850004,77.26763694900006,28.48933503300003,77.30434211200003,28.534826104000047
DEL_200,HARKESH NAGAR,200,MCD,77.27539390200005,28.54036968050005,77.26555285800004,28.53158246600003,77.28523494600006,28.549156895000067
DEL_201,JAITPUR,201,MCD,77.32807111000008,28.509264578000028,77.31050455500008,28.500372150000032,77.34563766500008,28.518157006000024
DEL_202,MEETHEYPUR,202,MCD,77.32520548450003,28.496104631000037,77.31493324900003,28.486421610000036,77.33547772000003,28.505787652000038
DEL_203,BADAR PUR,203,MCD,77.30423880550006,28.501882979000044,77.29719152200005,28.48764541500003,77.31128608900008,28.516120543000056
DEL_204,MOLARBAND,204,MCD,77.31191940100007,28.495954346500042,77.30736045100008,28.483571273000052,77.31647835100006,28.508337420000032
DEL_205,ZAKIR NAGAR,205,MCD,77.27803944000004,28.571938965000044,77.26328910300003,28.56339894900003,77.29278977700005,28.580478981000056
DEL_206,OKHLA,206,MCD,77.28411654300007,28.560313318000055,77.26750220200006,28.548407260000033,77.30073088400007,28.572219376000078
DEL_207,MADANPUR KHADAR,207,MCD,77.32044441350007,28.52499137950005,77.29341859800007,28.511163408000073,77.34747022900007,28.53881935100003
DEL_208,SARITA VIHAR,208,MCD,77.30405015950004,28.536478395000046,77.28108472900004,28.521543130000055,77.32701559000003,28.551413660000037
DEL_209,MAYUR VIHAR PHASE-I,209,MCD,77.30056918800005,28.604318893000027,77.29316707000004,28.594748345000028,77.30797130600007,28.613889441000026
DEL_210,DALLOPURA,210,MCD,77.31266500300006,28.608250539500062,77.30507873000005,28.600979246000065,77.32025127600008,28.61552183300006
DEL_211,TRILOK PURI,211,MCD,77.28867998500004,28.596742510500064,77.27318853800006,28.57995833700005,77.30417143200003,28.613526684000078
DEL_212,NEW ASHOK NAGAR,212,MCD,77.30286887500002,28.594771583000067,77.29333775000003,28.585322421000058,77.3124,28.604220745000077
DEL_213,KALYAN PURI,213,MCD,77.31532850750006,28.61572682350004,77.30988471700005,28.612730191000026,77.32077229800007,28.618723456000055
DEL_214,KHICHRIPUR,214,MCD,77.32069594150005,28.61317017400006,77.30727960300004,28.594622146000063,77.33411228000006,28.63171820200006
DEL_215,KONDLI,215,MCD,77.33170479550006,28.61107365850006,77.32178739500006,28.601476124000044,77.34162219600006,28.620671193000078
DEL_216,GHAROLI,216,MCD,77.33477254200005,28.617611030000035,77.32753661200007,28.606925862000026,77.34200847200003,28.628296198000044
DEL_217,VINOD NAGAR,217,MCD,77.29511192200007,28.622248159000065,77.28532477700008,28.617169971000067,77.30489906700006,28.627326347000064
DEL_218,MANDAWALI,218,MCD,77.29539938300007,28.62894648750006,77.28912465100007,28.622216741000045,77.30167411500008,28.635676234000073
DEL_219,MAYUR VIHAR PHASE II,219,MCD,77.30486313500006,28.619921813500042,77.29033737700007,28.612611900000047,77.31938889300005,28.627231727000037
DEL_220,PATPARGANJ,220,MCD,77.29004093250003,28.609054674500044,77.28301610700004,28.598502704000055,77.29706575800003,28.619606645000033
DEL_221,KISHAN KUNJ,221,MCD,77.27271692250005,28.635845464000056,77.26602896500003,28.628130614000042,77.27940488000007,28.64356031400007
DEL_222,LAXMI NAGAR,222,MCD,77.27954411800005,28.63754071400004,77.27334125100003,28.63178128000004,77.28574698500006,28.643300148000037
DEL_223,SHAKARPUR,223,MCD,77.28536071000005,28.62828014400006,77.27750045100004,28.62055291100006,77.29322096900006,28.636007377000055
DEL_224,PANDAV NAGAR,224,MCD,77.27838978300008,28.620765362500066,77.26921798400008,28.610971576000054,77.28756158200008,28.630559149000078
DEL_225,ANAND VIHAR,225,MCD,77.30857317700006,28.65690612150007,77.29410131800006,28.645799284000077,77.32304503600005,28.668012959000066
DEL_226,VISHWASH NAGAR,226,MCD,77.29480649500005,28.66163592250004,77.28618716000005,28.65307560900004,77.30342583000004,28.670196236000038
DEL_227,I.P EXTENTION,227,MCD,77.31436281850003,28.638276851500052,77.29784729200003,28.62244541700005,77.33087834500003,28.654108286000053
DEL_228,PREET VIHAR,228,MCD,77.29541285800008,28.640831657000035,77.28146202200008,28.627618092000034,77.30936369400007,28.654045222000036
DEL_229,KRISHNA  NAGAR,229,MCD,77.27669645900005,28.65361507150007,77.26166315300003,28.643110937000074,77.29172976500007,28.664119206000066
DEL_230,GEETA COLONY,230,MCD,77.27424405850007,28.64931116850005,77.26702609500006,28.642708862000063,77.28146202200008,28.655913475000034
DEL_231,GHONDLI,231,MCD,77.28357755400006,28.650217729500042,77.27614399500004,28.643300148000037,77.29101111300008,28.657135311000047
DEL_232,ANARKALI,232,MCD,77.29007237350007,28.650296654000044,77.28384255700007,28.644939967000028,77.29630219000006,28.65565334100006
DEL_233,DHARAMPURA,233,MCD,77.25863133850004,28.666554539500055,77.24791892900004,28.65931093100005,77.26934374800004,28.67379814800006
DEL_234,GANDHI NAGAR,234,MCD,77.26007762650005,28.661375972500053,77.25237457300005,28.655251313000065,77.26778068000004,28.667500632000042
DEL_235,AZAD NAGAR,235,MCD,77.27870419350006,28.665407815000066,77.27209259300008,28.660209543000065,77.28531579400004,28.670606087000067
DEL_236,RAGHUBAR PURA,236,MCD,77.27184106450005,28.666282593000034,77.26269621500006,28.658830091000027,77.28098591400004,28.67373509500004
DEL_237,SHAHDARA,237,MCD,77.28696869400008,28.667961608500036,77.28045590800008,28.66298415800003,77.29348148000008,28.672939059000043
DEL_238,JHILMIL,238,MCD,77.30268472000003,28.669266105000048,77.28996008400003,28.66527000700006,77.31540935600003,28.673262203000036
DEL_239,VIVEK VIHAR,239,MCD,77.31061235250004,28.675165197500036,77.29712864000004,28.666207978000045,77.32409606500005,28.684122417000026
DEL_240,DILSHAD COLONY,240,MCD,77.32622058050003,28.681501905500056,77.31929906100004,28.676194099000043,77.33314210000003,28.68680971200007
DEL_241,DILSHAD GARDEN,241,MCD,77.31000149800008,28.684949477500055,77.29994935000008,28.675650286000064,77.32005364600008,28.694248669000046
DEL_242,NEW SEEMA PURI,242,MCD,77.32383555350006,28.688188646500038,77.31547223800004,28.682593543000053,77.33219886900008,28.693783750000023
DEL_243,NAND NAGRI,243,MCD,77.30756257200005,28.69463467500006,77.30160225000003,28.689788511000074,77.31352289400007,28.699480839000046
DEL_244,SUNDER NAGARI,244,MCD,77.31693200050003,28.694611062000064,77.30664179900003,28.690387412000064,77.32722220200003,28.698834712000064
DEL_245,DURGA PURI,245,MCD,77.29862882650008,28.68844075900006,77.29196332700008,28.681797575000076,77.30529432600008,28.695083943000043
DEL_246,ASHOK NAGAR,246,MCD,77.29672889000005,28.695146820500042,77.29163095100006,28.689331452000033,77.30182682900005,28.70096218900005
DEL_247,RAM NAGAR,247,MCD,77.29059339650007,28.678731633500036,77.28005166700007,28.671890805000032,77.30113512600008,28.68557246200004
DEL_248,WELCOME COLONY,248,MCD,77.28037955150006,28.67911780350005,77.27009833300008,28.672206070000072,77.29066077000004,28.686029537000024
DEL_249,CHAUHAN BANGER,249,MCD,77.27113588700004,28.682427868500042,77.26646015600005,28.67634384400003,77.27581161800003,28.688511893000054
DEL_250,ZAFFRABAD,250,MCD,77.26716084200004,28.67431823900003,77.26199552900005,28.670046482000032,77.27232615500003,28.678589996000028
DEL_251,NEW USMANPUR,251,MCD,77.25843820050008,28.67822325150007,77.24806265900008,28.670692787000064,77.26881374200008,28.68575371600008
DEL_252,MAUJPUR,252,MCD,77.27541635950007,28.689303732500036,77.27033189500008,28.683917518000044,77.28050082400006,28.69468994700003
DEL_253,BHAJANPURA,253,MCD,77.25856396500006,28.697680073500038,77.25179066800007,28.69020616600053,77.26533726200006,28.705153981000024
DEL_254,BRAHAM PURI,254,MCD,77.25795760250006,28.688153164000056,77.24979640800007,28.68217585800005,77.26611879700005,28.69413047000006
DEL_255,GHONDA,255,MCD,77.26524293900005,28.690501515500046,77.25958804400005,28.684705589000032,77.27089783400004,28.69629744200006
DEL_256,YAMUNA VIHAR,256,MCD,77.27180513250005,28.699874752000056,77.25843820100005,28.696163485000056,77.28517206400005,28.703586019000056
DEL_257,SUBHASH MOHALLA,257,MCD,77.27406888700006,28.69452045050005,77.26548099300004,28.690489856000056,77.28265678100007,28.698551045000045
DEL_258,KARDAM PURI,258,MCD,77.28429171450006,28.69389378300005,77.27650332100006,28.68613986500003,77.29208010800005,28.70164770100007
DEL_259,JANTA COLONY,259,MCD,77.27925216600005,28.683984365500066,77.27312565600005,28.67860575800006,77.28537867600005,28.689362973000073
DEL_260,BABAR PUR,260,MCD,77.28541011700005,28.686998654000064,77.27845266500003,28.680670599000052,77.29236756900008,28.693326709000075
DEL_261,JIWANPUR,261,MCD,77.28263881450005,28.71335524850005,77.27421261700005,28.70209682600006,77.29106501200005,28.724613671000043
DEL_262,GOKALPUR,262,MCD,77.28881024050006,28.70728502500006,77.27980013800004,28.70012696300006,77.29782034300007,28.714443087000063
DEL_263,SABOLI,263,MCD,77.30622857400007,28.706634906000062,77.29555658800007,28.698141303000057,77.31690056000008,28.715128509000067
DEL_264,HARSH VIHAR,264,MCD,77.31859837550004,28.705776097500035,77.30642620300006,28.697408490000043,77.33077054800003,28.714143705000026
DEL_265,SHIV VIHAR,265,MCD,77.27925665800007,28.725763371000056,77.27117631200008,28.71621572300006,77.28733700400005,28.73531101900005
DEL_266,KARAWAL NAGAR EAST,266,MCD,77.27201623650006,28.719394334500066,77.26526539700006,28.71230012600006,77.27876707600007,28.726488543000073
DEL_267,NEHRU VIHAR,267,MCD,77.26406614650006,28.708664044000045,77.26201349600007,28.70578431100006,77.26611879700005,28.71154377700003
DEL_268,MUSTAFABAD,268,MCD,77.26973900700006,28.709916568500034,77.26184281600007,28.70267989900003,77.27763519800004,28.717153238000037
DEL_269,KHAJOORI KHAS,269,MCD,77.26077382050005,28.707962744000042,77.25069472300004,28.703026589000046,77.27085291800006,28.712898899000038
DEL_270,TUKHMIR PUR,270,MCD,77.26258392600005,28.71385603400006,77.25722547500004,28.709140755000078,77.26794237700005,28.71857131300004
DEL_271,KARAWAL NAGAR WEST,271,MCD,77.26758305050004,28.726637753500057,77.25810582400004,28.716798717000074,77.27706027700003,28.73647679000004
DEL_272,SONIA VIHAR,272,MCD,77.25078006300006,28.732074320000066,77.24110969900005,28.706249177000075,77.26045042700008,28.757899463000058
DEL_001,NARELA,1,MCD,77.11346808000005,28.844765256000045,77.08144314000003,28.81416028700005,77.14549302000006,28.87537022500004
DEL_002,BANKNER,2,MCD,77.07670003600003,28.852885344500066,77.04173760500004,28.822274897000057,77.11166246700003,28.883495792000076
DEL_003,ALIPUR,3,MCD,77.10512273150007,28.791734201000054,77.05436791800008,28.75278834900007,77.15587754500007,28.830680053000037
DEL_004,BAKHTAWAR PUR,4,MCD,77.16921303500004,28.818902421000047,77.11439334500005,28.778435898000055,77.22403272500003,28.85936894400004
DEL_005,BHALASWA JAHAGIR PUR,5,MCD,77.15652433200006,28.761972933000038,77.12959284000004,28.727205397000034,77.18345582400008,28.796740469000042
DEL_006,MUKUND PUR,6,MCD,77.18875139250005,28.747376305000074,77.17518234000005,28.730309082000076,77.20232044500005,28.764443528000072
DEL_007,BURARI,7,MCD,77.20195213550005,28.76756720100005,77.17134653400007,28.744597445000068,77.23255773700004,28.79053695700003
DEL_008,JHARODA,8,MCD,77.21320802600007,28.74385380900003,77.19069624500008,28.717704714000035,77.23571980700007,28.770002904000023
DEL_009,MALKAGANJ,9,MCD,77.20786754200006,28.673632412000046,77.20061364600008,28.66678336900003,77.21512143800004,28.680481455000063
DEL_010,TIMAR PUR,10,MCD,77.21829698250005,28.701381185500054,77.20314689500003,28.67825898700005,77.23344707000007,28.72450338400006
DEL_011,MUKHERJEE NAGAR,11,MCD,77.21559305350004,28.713587780500035,77.20400927800006,28.703459950000024,77.22717682900003,28.723715611000046
DEL_012,G.T.B. NAGAR,12,MCD,77.20512318850007,28.699144944500063,77.19523273700008,28.68458737900005,77.21501364000005,28.713702510000076
DEL_013,DHIR PUR,13,MCD,77.19606367900005,28.720098870500067,77.17447267100005,28.70724193500007,77.21765468700005,28.732955806000064
DEL_014,ADARASH  NAGAR,14,MCD,77.17403698800007,28.714340254000035,77.16731309800008,28.705051552000043,77.18076087800006,28.723628956000027
DEL_015,SARAI PIPAL THALA,15,MCD,77.16149650700007,28.724577638000056,77.15090986100006,28.71352918200006,77.17208315300007,28.735626094000054
DEL_016,JAHANGIRPURI-I,16,MCD,77.16875040300008,28.727268305500047,77.16169862800007,28.72243940800007,77.17580217800008,28.732097203000023
DEL_017,SAMAYPUR BADLI,17,MCD,77.14634641950008,28.737881851000054,77.13550375400007,28.72388892200007,77.15718908500008,28.751874780000037
DEL_018,LIBAS PUR,18,MCD,77.14651710000004,28.757729534500044,77.12347531300003,28.74642470300006,77.16955888700005,28.769034366000028
DEL_019,BHALSWA,19,MCD,77.16129887750006,28.743285249500076,77.14966120300005,28.73032483600008,77.17293655200007,28.756245663000072
DEL_020,JAHANGIR PURI -II,20,MCD,77.16807217500005,28.73239629950004,77.16274965700006,28.725409314000046,77.17339469300003,28.73938328500003
DEL_021,ROHINI,21,MCD,77.11532759300005,28.732450941500048,77.09885249100006,28.720083905000024,77.13180269500003,28.74481797800007
DEL_022,RITHALA,22,MCD,77.10760208150006,28.716766724500047,77.09658873600006,28.70676131500005,77.11861542700007,28.726772134000043
DEL_023,BUDH VIHAR,23,MCD,77.08692286350004,28.71562059550007,77.07677190100003,28.707533457000068,77.09707382600004,28.723707734000072
DEL_024,VIJAY VIHAR,24,MCD,77.09403302900006,28.708892069500052,77.08302417500005,28.698645601000067,77.10504188300007,28.71913853800004
DEL_025,POOTH KALAN,25,MCD,77.07399161500004,28.71854580750005,77.04780123300003,28.698763795000048,77.10018199700005,28.738327820000052
DEL_026,SAHIBABAD DAULAT PUR,26,MCD,77.10033920250007,28.745611759500065,77.06814807400008,28.726724869000066,77.13253033100005,28.764498650000064
DEL_027,BEGUMPUR,27,MCD,77.01401559550007,28.756514748500052,76.94928299600008,28.71953244200006,77.07874819500006,28.793497055000046
DEL_028,BAWANA,28,MCD,77.00657305300007,28.808736115000045,76.94207850700008,28.776790297000048,77.07106759900006,28.84068193300004
DEL_029,KARALA,29,MCD,77.00174011650006,28.738469518000045,76.94443209300005,28.70948742400003,77.05904814000007,28.76745161200006
DEL_030,MUNDAKA,30,MCD,76.99703743650005,28.68841292700006,76.94816010200003,28.646619177000048,77.04591477100007,28.73020667700007
DEL_031,NANGLOI JAT WEST,31,MCD,77.04872200600005,28.682999255000055,77.03170342300007,28.67736841100003,77.06574058900003,28.68863009900008
DEL_032,NILOTHI,32,MCD,77.05521682550005,28.668871240000044,77.04291439800005,28.655542980000064,77.06751925300006,28.682199500000024
DEL_033,PREM NAGAR,33,MCD,77.05830253850004,28.706390841500053,77.05016380200004,28.70063125100006,77.06644127500005,28.712150432000044
DEL_034,NITHARI,34,MCD,77.03709331500008,28.70460507000007,77.02299874800008,28.688054829000066,77.05118788200008,28.721155311000075
DEL_035,KIRARI SULEMAN NAGAR,35,MCD,77.05735930750004,28.697285730500028,77.04332762300004,28.685864044000027,77.07139099200003,28.708707417000028
DEL_036,PRATAP VIHAR,36,MCD,77.04940023450004,28.691466878000057,77.03956368200005,28.68636052100004,77.05923678700003,28.696573235000074
DEL_037,SULTANPURI  EAST,37,MCD,77.07918836900006,28.69736105350006,77.07248693700006,28.691608846000065,77.08588980100006,28.703113261000055
DEL_038,MANGOL PURI  NORTH,38,MCD,77.08697676250006,28.700091447000062,77.08101194900007,28.696612634000076,77.09294157600004,28.70357026000005
DEL_039,SULTANPUR MAJRA,39,MCD,77.07352449100006,28.697597383000044,77.06532736400004,28.690805065000063,77.08172161800007,28.704389701000025
DEL_040,SULTANPURI  SOUTH,40,MCD,77.07011987650006,28.688819153500077,77.06300971100006,28.684863203000077,77.07723004200005,28.692775104000077
DEL_041,GURU HARKISHAN NAGAR,41,MCD,77.08493309550005,28.66629401250006,77.07639460900003,28.65445513700007,77.09347158200006,28.67813288800005
DEL_042,PERAGHARHI,42,MCD,77.08551250850007,28.67906270450004,77.07580172000007,28.673277967000047,77.09522329700008,28.684847442000034
DEL_043,NANGLOI EAST,43,MCD,77.06384065250003,28.673568869500016,77.05094533700003,28.661336739000035,77.07673596800004,28.685801
DEL_044,QUAMMRUDDIN NAGAR,44,MCD,77.06361607350004,28.657066744000048,77.04675020400003,28.638963967000052,77.08048194300005,28.675169521000043
DEL_045,ROHINI SOUTH,45,MCD,77.10851836300006,28.702699175500044,77.09835841700004,28.693303069000024,77.11867830900007,28.712095282000064
DEL_046,MANGOLPURI  EAST,46,MCD,77.09691662100005,28.69005622350005,77.09147732200006,28.68331069800007,77.10235592000004,28.69680174900003
DEL_047,MANGOLPURI,47,MCD,77.09149079700003,28.697357153500036,77.07947583000004,28.692381100000034,77.10350576400003,28.702333207000038
DEL_048,MANGOLPURI  WEST,48,MCD,77.08373833600007,28.690087764000054,77.07576578800007,28.683649572000036,77.09171088400007,28.696525956000073
DEL_049,ROHINI NORTH,49,MCD,77.13329839050004,28.735002518500067,77.12272072800005,28.718508288000066,77.14387605300004,28.75149674900007
DEL_050,ROHINI CENTRAL,50,MCD,77.12435117000007,28.720213227500068,77.11006346500005,28.708423777000064,77.13863887500008,28.73200267800007
DEL_051,ROHINI EAST,51,MCD,77.12798485550005,28.709128334500065,77.11602827900003,28.69790491200007,77.13994143200006,28.72035175700006
DEL_052,NAHARPUR,52,MCD,77.11743863400008,28.71090526450007,77.10983888700008,28.702490795000074,77.12503838100008,28.719319734000067
DEL_053,PITAMPURA SOUTH,53,MCD,77.14407817350008,28.701308553000032,77.13112895900008,28.69297210600007,77.15702738800007,28.709645
DEL_054,PITAMPUR NORTH,54,MCD,77.14407817350008,28.71774317750007,77.13526120900008,28.70381451700007,77.15289513800008,28.731671838000068
DEL_055,SHALIMAR BAGH NORTH,55,MCD,77.15431447650008,28.718578615500036,77.14565471700007,28.707604368000034,77.16297423600008,28.729552863000038
DEL_056,SHALIMAR BAGH SOUTH,56,MCD,77.16195464800003,28.70964052900004,77.15034392300004,28.69909473900003,77.17356537300003,28.72018631900005
DEL_057,PASCHIM VIHAR SOUTH,57,MCD,77.10273321300005,28.666987539000047,77.08874644400004,28.654344775000027,77.11671998200006,28.679630303000067
DEL_058,PASCHIM VIHAR NORTH,58,MCD,77.10450289350007,28.675965282500073,77.09458549300007,28.668619867000075,77.11442029400007,28.68331069800007
DEL_059,RANI BAGH,59,MCD,77.12689789350006,28.682857156500035,77.11212060700007,28.67375874000004,77.14167518000005,28.69195557300003
DEL_060,SARASWATI VIHAR,60,MCD,77.11308180500004,28.69125380250003,77.09527719600004,28.68171088500003,77.13088641400003,28.700796720000028
DEL_061,TRI NAGAR,61,MCD,77.16141565850006,28.677915995000063,77.15469176900007,28.672111491000067,77.16813954800006,28.68372049900006
DEL_062,RAMPURA,62,MCD,77.14604548400004,28.680788372500047,77.13260219600005,28.671173572000043,77.15948877200003,28.69040317300005
DEL_063,KOHAT ENCLAVE,63,MCD,77.13611460850007,28.693680802000046,77.12627805600005,28.683365864000052,77.14595116100008,28.70399574000004
DEL_064,SHAKUR PUR,64,MCD,77.14782863950006,28.690359588000064,77.14163026400007,28.683216129000073,77.15402701500005,28.697503047000055
DEL_065,NIMRI COLONY,65,MCD,77.17353842300005,28.682057468500062,77.16437560700007,28.67598918400006,77.18270123900004,28.688125753000065
DEL_066,SAWAN PARK,66,MCD,77.17957061050004,28.69199426250003,77.16926244300004,28.679795805000026,77.18987877800004,28.704192720000037
DEL_067,WAJIRPUR,67,MCD,77.16483823950006,28.689212780000048,77.15320056500008,28.679330821000065,77.17647591400004,28.69909473900003
DEL_068,ASHOK VIHAR,68,MCD,77.16668876900007,28.697620804500076,77.15702738800007,28.68804694800008,77.17635015000008,28.707194661000074
DEL_069,KAMLA NAGAR,69,MCD,77.19425806500007,28.677037136000052,77.17994341100007,28.669628746000058,77.20857271900007,28.684445526000047
DEL_070,RANA PRATAP BAGH,70,MCD,77.19438382950005,28.688527435000026,77.18551296600003,28.681758170000023,77.20325469300008,28.69529670000003
DEL_071,SANGAM PARK,71,MCD,77.18381964200006,28.69841666000005,77.17555065000005,28.68892167300004,77.19208863400007,28.70791164700006
DEL_072,MODEL TOWN,72,MCD,77.19122175950008,28.70116650500003,77.17776948800008,28.690434694000032,77.20467403100008,28.71189831600003
DEL_073,SHASTRI NAGAR,73,MCD,77.18098545700005,28.67380589700005,77.16793293600006,28.668548930000043,77.19403797800004,28.67906286400006
DEL_074,INDER LOK COLONY,74,MCD,77.17426156700003,28.66518275550007,77.15948877200003,28.65447090300006,77.18903436200003,28.67589460800008
DEL_075,KISHAN GANJ,75,MCD,77.19448264400006,28.667204899500064,77.18494702700008,28.66146285800005,77.20401826100004,28.672946941000077
DEL_076,DEPUTY GANJ,76,MCD,77.20752169050007,28.663685465000043,77.19808039700007,28.656938241000034,77.21696298400008,28.67043268900005
DEL_077,KASHMERE GATE,77,MCD,77.23073864900007,28.676169215000073,77.21493279200007,28.66005189200007,77.24654450600008,28.692286538000076
DEL_078,MAJNU KA TILA,78,MCD,77.21922224700006,28.683482030500073,77.20814152800006,28.66278709900007,77.23030296600007,28.704176962000076
DEL_079,JAMA MASJID,79,MCD,77.23521225900006,28.649992912000044,77.22982685900007,28.64116361600003,77.24059765900006,28.65882220800006
DEL_UNKNOWN,UNKNOWN WARD,0,UNKNOWN,77.27325142000007,28.651244563000034,77.22891956100005,28.541581390000033,77.31758327900008,28.760907736000036